ISO-10303-21;
HEADER;
FILE_DESCRIPTION (( 'STEP AP203' ),
    '1' );
FILE_NAME ('µç»ú¹Ì¶¨.STEP',
    '2026-06-11T07:13:10',
    ( '' ),
    ( '' ),
    'SwSTEP 2.0',
    'SolidWorks 2025',
    '' );
FILE_SCHEMA (( 'CONFIG_CONTROL_DESIGN' ));
ENDSEC;

DATA;
#1 = CARTESIAN_POINT ( 'NONE',  ( 27.81295090390230840, 26.16295090390221745, 3.500000000000000000 ) ) ;
#2 = EDGE_CURVE ( 'NONE', #672, #462, #59, .T. ) ;
#3 = CARTESIAN_POINT ( 'NONE',  ( 116.0000000000000426, -66.00000000000000000, 25.00000000000000000 ) ) ;
#4 = AXIS2_PLACEMENT_3D ( 'NONE', #1305, #105, #832 ) ;
#5 = CARTESIAN_POINT ( 'NONE',  ( -40.04740408574230059, -5.847910419618861155, 8.155421905194883081 ) ) ;
#6 = MANIFOLD_SOLID_BREP ( '\X2\570689d2\X0\1', #1008 ) ;
#7 = ORIENTED_EDGE ( 'NONE', *, *, #140, .F. ) ;
#8 = CARTESIAN_POINT ( 'NONE',  ( -2.583696190743918430E-13, -37.00000000000000000, 3.500000000000000000 ) ) ;
#9 = ORIENTED_EDGE ( 'NONE', *, *, #1022, .F. ) ;
#10 = DIRECTION ( 'NONE',  ( 0.000000000000000000, 0.000000000000000000, -1.000000000000000000 ) ) ;
#11 = DIRECTION ( 'NONE',  ( -0.000000000000000000, -0.000000000000000000, -1.000000000000000000 ) ) ;
#12 = CARTESIAN_POINT ( 'NONE',  ( -39.85761032379323154, -5.235541927694972841, 7.983938437921073827 ) ) ;
#13 = CARTESIAN_POINT ( 'NONE',  ( -27.50000000000000000, 0.000000000000000000, 3.500000000000000000 ) ) ;
#14 = VECTOR ( 'NONE', #835, 1000.000000000000000 ) ;
#15 = ADVANCED_FACE ( 'NONE', ( #175 ), #1110, .F. ) ;
#16 = CIRCLE ( 'NONE', #766, 1.649999999999998579 ) ;
#17 = ORIENTED_EDGE ( 'NONE', *, *, #779, .F. ) ;
#18 = DIRECTION ( 'NONE',  ( -0.000000000000000000, -0.000000000000000000, -1.000000000000000000 ) ) ;
#19 = APPROVAL_PERSON_ORGANIZATION ( #69, #612, #1497 ) ;
#20 = ORIENTED_EDGE ( 'NONE', *, *, #860, .T. ) ;
#21 = DIRECTION ( 'NONE',  ( 1.000000000000000000, 0.000000000000000000, 0.000000000000000000 ) ) ;
#22 = FACE_BOUND ( 'NONE', #907, .T. ) ;
#23 = VECTOR ( 'NONE', #289, 1000.000000000000000 ) ;
#24 = DIRECTION ( 'NONE',  ( 0.000000000000000000, -0.000000000000000000, -1.000000000000000000 ) ) ;
#25 = EDGE_LOOP ( 'NONE', ( #184, #537, #1333, #678 ) ) ;
#26 =( BOUNDED_CURVE ( )  B_SPLINE_CURVE ( 3, ( #679, #1514, #547, #1361 ),
 .UNSPECIFIED., .F., .T. ) 
 B_SPLINE_CURVE_WITH_KNOTS ( ( 4, 4 ),
 ( 4.712388980384689674, 6.283185307179586232 ),
 .UNSPECIFIED. ) 
 CURVE ( )  GEOMETRIC_REPRESENTATION_ITEM ( )  RATIONAL_B_SPLINE_CURVE ( ( 1.000000000000000000, 0.8047378541243649375, 0.8047378541243649375, 1.000000000000000000 ) ) 
 REPRESENTATION_ITEM ( '' )  );
#27 = LINE ( 'NONE', #498, #158 ) ;
#28 = EDGE_CURVE ( 'NONE', #1457, #255, #1004, .T. ) ;
#29 = ORIENTED_EDGE ( 'NONE', *, *, #931, .T. ) ;
#30 = DIRECTION ( 'NONE',  ( -0.000000000000000000, 0.000000000000000000, 1.000000000000000000 ) ) ;
#31 = AXIS2_PLACEMENT_3D ( 'NONE', #510, #979, #47 ) ;
#32 = FACE_OUTER_BOUND ( 'NONE', #864, .T. ) ;
#33 = CARTESIAN_POINT ( 'NONE',  ( 60.00000000000000000, -66.00000000000000000, 25.00000000000000000 ) ) ;
#34 = CIRCLE ( 'NONE', #1134, 1.650000000000002132 ) ;
#35 = ORIENTED_EDGE ( 'NONE', *, *, #187, .F. ) ;
#36 = LINE ( 'NONE', #261, #1202 ) ;
#37 = EDGE_LOOP ( 'NONE', ( #568, #240, #1098, #599 ) ) ;
#38 = LINE ( 'NONE', #53, #1135 ) ;
#39 = AXIS2_PLACEMENT_3D ( 'NONE', #1381, #317, #782 ) ;
#40 = EDGE_CURVE ( 'NONE', #383, #1111, #264, .T. ) ;
#41 = CARTESIAN_POINT ( 'NONE',  ( -60.00000000000000000, -66.00000000000000000, 0.000000000000000000 ) ) ;
#42 = CARTESIAN_POINT ( 'NONE',  ( -38.64999999999999858, 3.875544286115878151E-13, 0.000000000000000000 ) ) ;
#43 = ORIENTED_EDGE ( 'NONE', *, *, #242, .T. ) ;
#44 = LINE ( 'NONE', #1097, #896 ) ;
#45 = CIRCLE ( 'NONE', #234, 1.650000000000002132 ) ;
#46 = EDGE_LOOP ( 'NONE', ( #1531, #85, #125, #1223 ) ) ;
#47 = DIRECTION ( 'NONE',  ( 1.000000000000000000, 0.000000000000000000, 0.000000000000000000 ) ) ;
#48 = EDGE_CURVE ( 'NONE', #1423, #737, #308, .T. ) ;
#49 = CARTESIAN_POINT ( 'NONE',  ( -2.583696190743918430E-13, -37.00000000000000000, 3.500000000000000000 ) ) ;
#50 = DIRECTION ( 'NONE',  ( -0.000000000000000000, 0.000000000000000000, 1.000000000000000000 ) ) ;
#51 = EDGE_LOOP ( 'NONE', ( #391, #582, #77 ) ) ;
#52 = ORIENTED_EDGE ( 'NONE', *, *, #40, .F. ) ;
#53 = CARTESIAN_POINT ( 'NONE',  ( 116.0000000000000426, -66.00000000000000000, 25.00000000000000000 ) ) ;
#54 = PERSON_AND_ORGANIZATION_ROLE ( 'design_owner' ) ;
#55 = DIRECTION ( 'NONE',  ( -1.000000000000000000, 0.000000000000000000, 0.000000000000000000 ) ) ;
#56 = EDGE_CURVE ( 'NONE', #1521, #1337, #1329, .T. ) ;
#57 = CARTESIAN_POINT ( 'NONE',  ( -37.37215607540641571, -14.81087270472146677, 3.500000000000000000 ) ) ;
#58 = B_SPLINE_CURVE_WITH_KNOTS ( 'NONE', 3,
 ( #12, #696, #1078, #604, #1068, #328, #1402, #340, #812, #220, #1164, #109, #1437, #374, #1314, #727, #1084, #283 ),
 .UNSPECIFIED., .F., .F.,
 ( 4, 2, 2, 2, 2, 2, 2, 2, 4 ),
 ( 2.483746032330069985E-17, 0.0007162789817318187657, 0.001432557963463612812, 0.002148836945195406641, 0.002865115926927200470, 0.004297673890390788128, 0.005730231853854374918, 0.008595347780781543295, 0.01146046370770871167 ),
 .UNSPECIFIED. ) ;
#59 = LINE ( 'NONE', #427, #339 ) ;
#60 = VERTEX_POINT ( 'NONE', #1540 ) ;
#61 = CYLINDRICAL_SURFACE ( 'NONE', #941, 1.649999999999998579 ) ;
#62 = PERSON_AND_ORGANIZATION_ROLE ( 'creator' ) ;
#63 = DIRECTION ( 'NONE',  ( -1.000000000000000000, 0.000000000000000000, 1.387778780781446464E-15 ) ) ;
#64 = CARTESIAN_POINT ( 'NONE',  ( 39.43440487371371717, -7.819734681498968776, 5.320344584418943867 ) ) ;
#65 = DIRECTION ( 'NONE',  ( -1.000000000000000000, 0.000000000000000000, 0.000000000000000000 ) ) ;
#66 = EDGE_CURVE ( 'NONE', #1209, #499, #1272, .T. ) ;
#67 = ORIENTED_EDGE ( 'NONE', *, *, #405, .F. ) ;
#68 = DIRECTION ( 'NONE',  ( 1.000000000000000000, 0.000000000000000000, 0.000000000000000000 ) ) ;
#69 = PERSON_AND_ORGANIZATION ( #536, #1409 ) ;
#70 = VECTOR ( 'NONE', #917, 1000.000000000000000 ) ;
#71 = ORIENTED_EDGE ( 'NONE', *, *, #99, .F. ) ;
#72 = ORIENTED_EDGE ( 'NONE', *, *, #1007, .T. ) ;
#73 = DIRECTION ( 'NONE',  ( -0.000000000000000000, 0.000000000000000000, 1.000000000000000000 ) ) ;
#74 = EDGE_CURVE ( 'NONE', #1049, #329, #1290, .T. ) ;
#75 = AXIS2_PLACEMENT_3D ( 'NONE', #380, #101, #1274 ) ;
#76 = CALENDAR_DATE ( 2026, 11, 6 ) ;
#77 = ORIENTED_EDGE ( 'NONE', *, *, #636, .T. ) ;
#78 = CARTESIAN_POINT ( 'NONE',  ( -37.00000000000000000, 3.875544286115878151E-13, 25.00000000000000000 ) ) ;
#79 = EDGE_LOOP ( 'NONE', ( #481, #277, #846, #654 ) ) ;
#80 = LINE ( 'NONE', #1501, #1088 ) ;
#81 = AXIS2_PLACEMENT_3D ( 'NONE', #1285, #222, #1532 ) ;
#82 = VECTOR ( 'NONE', #10, 1000.000000000000000 ) ;
#83 = CALENDAR_DATE ( 2026, 11, 6 ) ;
#84 = EDGE_CURVE ( 'NONE', #188, #1070, #444, .T. ) ;
#85 = ORIENTED_EDGE ( 'NONE', *, *, #725, .T. ) ;
#86 = CARTESIAN_POINT ( 'NONE',  ( 56.88481273912486813, -61.00000000000000711, 3.500000000000000000 ) ) ;
#87 = VERTEX_POINT ( 'NONE', #581 ) ;
#88 = CARTESIAN_POINT ( 'NONE',  ( 0.000000000000000000, 0.000000000000000000, 93.50000000000001421 ) ) ;
#89 = CARTESIAN_POINT ( 'NONE',  ( 0.000000000000000000, 0.000000000000000000, 3.499999999999999556 ) ) ;
#90 = CIRCLE ( 'NONE', #1152, 40.00000000000000711 ) ;
#91 = EDGE_CURVE ( 'NONE', #457, #589, #1533, .T. ) ;
#92 = LINE ( 'NONE', #564, #286 ) ;
#93 = DIRECTION ( 'NONE',  ( -0.000000000000000000, -0.000000000000000000, -1.000000000000000000 ) ) ;
#94 = VERTEX_POINT ( 'NONE', #100 ) ;
#95 = LINE ( 'NONE', #569, #1453 ) ;
#96 = CIRCLE ( 'NONE', #544, 1.649999999999998579 ) ;
#97 = EDGE_LOOP ( 'NONE', ( #523, #1311, #643, #1380 ) ) ;
#98 = CARTESIAN_POINT ( 'NONE',  ( 39.70706660097172147, -6.278720963094660767, 6.413891280226436287 ) ) ;
#99 = EDGE_CURVE ( 'NONE', #1262, #950, #921, .T. ) ;
#100 = CARTESIAN_POINT ( 'NONE',  ( 40.40089736745163407, -7.078400866426009408, 8.500000000000000000 ) ) ;
#101 = DIRECTION ( 'NONE',  ( 1.000000000000000000, 0.000000000000000000, -1.387778780781445478E-15 ) ) ;
#102 = ORIENTED_EDGE ( 'NONE', *, *, #586, .F. ) ;
#103 = LINE ( 'NONE', #118, #474 ) ;
#104 = ORIENTED_EDGE ( 'NONE', *, *, #171, .T. ) ;
#105 = DIRECTION ( 'NONE',  ( -0.9630239689530686320, 0.2694157293512744467, 0.000000000000000000 ) ) ;
#106 = DIRECTION ( 'NONE',  ( 1.000000000000000000, 0.000000000000000000, 0.000000000000000000 ) ) ;
#107 = DIRECTION ( 'NONE',  ( -0.000000000000000000, 0.000000000000000000, 1.000000000000000000 ) ) ;
#108 = AXIS2_PLACEMENT_3D ( 'NONE', #541, #1369, #1263 ) ;
#109 = CARTESIAN_POINT ( 'NONE',  ( -39.25936793921088963, -8.655812534401119862, 4.894024246458299032 ) ) ;
#110 = ORIENTED_EDGE ( 'NONE', *, *, #489, .F. ) ;
#111 = DIRECTION ( 'NONE',  ( -1.000000000000000000, 0.000000000000000000, 0.000000000000000000 ) ) ;
#112 = ADVANCED_FACE ( 'NONE', ( #1045 ), #1523, .F. ) ;
#113 = VERTEX_POINT ( 'NONE', #911 ) ;
#114 = CARTESIAN_POINT ( 'NONE',  ( 0.000000000000000000, 0.000000000000000000, 3.500000000000000000 ) ) ;
#115 = DIRECTION ( 'NONE',  ( -0.000000000000000000, 0.000000000000000000, 1.000000000000000000 ) ) ;
#116 = CARTESIAN_POINT ( 'NONE',  ( -27.81295090390247182, -26.16295090390202560, 3.500000000000000000 ) ) ;
#117 = ORIENTED_EDGE ( 'NONE', *, *, #980, .F. ) ;
#118 = CARTESIAN_POINT ( 'NONE',  ( 37.07274997474301870, 4.818030418802162096, 5.168605077040134610 ) ) ;
#119 = EDGE_CURVE ( 'NONE', #964, #1485, #1422, .T. ) ;
#120 = VERTEX_POINT ( 'NONE', #1401 ) ;
#121 = CARTESIAN_POINT ( 'NONE',  ( -35.63188685126353761, 9.968381985997153194, 8.500000000000000000 ) ) ;
#122 = AXIS2_PLACEMENT_3D ( 'NONE', #637, #1102, #518 ) ;
#123 = FACE_OUTER_BOUND ( 'NONE', #1118, .T. ) ;
#124 = DIRECTION ( 'NONE',  ( 0.000000000000000000, 0.000000000000000000, -1.000000000000000000 ) ) ;
#125 = ORIENTED_EDGE ( 'NONE', *, *, #56, .T. ) ;
#126 = CARTESIAN_POINT ( 'NONE',  ( -37.00000000000000000, 3.875544286115878151E-13, 3.500000000000000000 ) ) ;
#127 = ORIENTED_EDGE ( 'NONE', *, *, #511, .T. ) ;
#128 = DIRECTION ( 'NONE',  ( 1.000000000000000000, 0.000000000000000000, 0.000000000000000000 ) ) ;
#129 = EDGE_CURVE ( 'NONE', #457, #799, #337, .T. ) ;
#130 = EDGE_CURVE ( 'NONE', #1541, #935, #356, .T. ) ;
#131 = CARTESIAN_POINT ( 'NONE',  ( -35.35000000000000142, 3.877564953334470990E-13, 3.500000000000000000 ) ) ;
#132 = CIRCLE ( 'NONE', #994, 27.50000000000000000 ) ;
#133 = CARTESIAN_POINT ( 'NONE',  ( 1.649999999999740119, -37.00000000000000000, 3.500000000000000000 ) ) ;
#134 = ORIENTED_EDGE ( 'NONE', *, *, #1465, .F. ) ;
#135 = CARTESIAN_POINT ( 'NONE',  ( 50.29403322440887791, -61.00000000000000711, 25.00000000000000000 ) ) ;
#136 = ORIENTED_EDGE ( 'NONE', *, *, #369, .F. ) ;
#137 = CARTESIAN_POINT ( 'NONE',  ( -2.583696190743918430E-13, -37.00000000000000000, 0.000000000000000000 ) ) ;
#138 = CARTESIAN_POINT ( 'NONE',  ( 0.000000000000000000, -66.00000000000000000, 25.00000000000000000 ) ) ;
#139 = CARTESIAN_POINT ( 'NONE',  ( 56.88481273912486813, -66.00000000000000000, 8.500000000000000000 ) ) ;
#140 = EDGE_CURVE ( 'NONE', #1286, #153, #1142, .T. ) ;
#141 = DIRECTION ( 'NONE',  ( 0.000000000000000000, 0.000000000000000000, -1.000000000000000000 ) ) ;
#142 = VECTOR ( 'NONE', #320, 1000.000000000000000 ) ;
#143 = CIRCLE ( 'NONE', #208, 40.20000000000000284 ) ;
#144 = VERTEX_POINT ( 'NONE', #1053 ) ;
#145 = DIRECTION ( 'NONE',  ( 0.000000000000000000, 1.000000000000000000, 0.000000000000000000 ) ) ;
#146 = ORIENTED_EDGE ( 'NONE', *, *, #1022, .T. ) ;
#147 = LINE ( 'NONE', #856, #1133 ) ;
#148 = LOCAL_TIME ( 15, 13, 10.00000000000000000, #186 ) ;
#149 = LINE ( 'NONE', #621, #287 ) ;
#150 = ORIENTED_EDGE ( 'NONE', *, *, #998, .T. ) ;
#151 = FACE_BOUND ( 'NONE', #756, .T. ) ;
#152 = EDGE_CURVE ( 'NONE', #1049, #964, #92, .T. ) ;
#153 = VERTEX_POINT ( 'NONE', #1516 ) ;
#154 = DIRECTION ( 'NONE',  ( -1.000000000000000000, 0.000000000000000000, 0.000000000000000000 ) ) ;
#155 = AXIS2_PLACEMENT_3D ( 'NONE', #619, #394, #972 ) ;
#156 = DIRECTION ( 'NONE',  ( 1.000000000000000000, 0.000000000000000000, 0.000000000000000000 ) ) ;
#157 = DIRECTION ( 'NONE',  ( 1.000000000000000000, 0.000000000000000000, 0.000000000000000000 ) ) ;
#158 = VECTOR ( 'NONE', #969, 1000.000000000000000 ) ;
#159 = ORIENTED_EDGE ( 'NONE', *, *, #1279, .F. ) ;
#160 = DIRECTION ( 'NONE',  ( 1.000000000000000000, 0.000000000000000000, 0.000000000000000000 ) ) ;
#161 = ORIENTED_EDGE ( 'NONE', *, *, #939, .T. ) ;
#162 = FACE_OUTER_BOUND ( 'NONE', #1415, .T. ) ;
#163 = EDGE_CURVE ( 'NONE', #737, #1425, #1399, .T. ) ;
#164 = DIRECTION ( 'NONE',  ( 1.000000000000000000, 0.000000000000000000, 0.000000000000000000 ) ) ;
#165 = CYLINDRICAL_SURFACE ( 'NONE', #833, 1.649999999999998579 ) ;
#166 = ORIENTED_EDGE ( 'NONE', *, *, #735, .T. ) ;
#167 = CARTESIAN_POINT ( 'NONE',  ( -50.29403322440889212, -61.00000000000000711, 8.500000000000000000 ) ) ;
#168 = VECTOR ( 'NONE', #527, 1000.000000000000000 ) ;
#169 = ORIENTED_EDGE ( 'NONE', *, *, #1216, .T. ) ;
#170 = CARTESIAN_POINT ( 'NONE',  ( -26.16295090390246969, -26.16295090390202560, 3.500000000000000000 ) ) ;
#171 = EDGE_CURVE ( 'NONE', #1337, #113, #1530, .T. ) ;
#172 = CARTESIAN_POINT ( 'NONE',  ( 0.000000000000000000, 0.000000000000000000, 0.000000000000000000 ) ) ;
#173 = CARTESIAN_POINT ( 'NONE',  ( -26.16295090390246969, -26.16295090390202560, 0.000000000000000000 ) ) ;
#174 = DIRECTION ( 'NONE',  ( -0.9630239689530686320, 0.2694157293512743911, 0.000000000000000000 ) ) ;
#175 = FACE_OUTER_BOUND ( 'NONE', #1292, .T. ) ;
#176 = ORIENTED_EDGE ( 'NONE', *, *, #66, .F. ) ;
#177 = CARTESIAN_POINT ( 'NONE',  ( 39.59996791330118526, 6.919721184088015065, 4.580062027680550152 ) ) ;
#178 = PERSON_AND_ORGANIZATION ( #536, #1409 ) ;
#179 = CC_DESIGN_PERSON_AND_ORGANIZATION_ASSIGNMENT ( #656, #62, ( #1183 ) ) ;
#180 = CARTESIAN_POINT ( 'NONE',  ( 1.649999999999999689, 37.00000000000000000, 25.00000000000000000 ) ) ;
#181 = CARTESIAN_POINT ( 'NONE',  ( 39.84956516093133416, -5.296788876104193911, 7.750254372752997334 ) ) ;
#182 = EDGE_CURVE ( 'NONE', #1543, #1423, #1353, .T. ) ;
#183 = ORIENTED_EDGE ( 'NONE', *, *, #683, .T. ) ;
#184 = ORIENTED_EDGE ( 'NONE', *, *, #218, .F. ) ;
#185 = DIRECTION ( 'NONE',  ( -1.000000000000000000, 0.000000000000000000, 0.000000000000000000 ) ) ;
#186 = COORDINATED_UNIVERSAL_TIME_OFFSET ( 8, 0, .AHEAD. ) ;
#187 = EDGE_CURVE ( 'NONE', #313, #499, #483, .T. ) ;
#188 = VERTEX_POINT ( 'NONE', #934 ) ;
#189 = APPLICATION_CONTEXT ( 'configuration controlled 3d designs of mechanical parts and assemblies' ) ;
#190 = ORIENTED_EDGE ( 'NONE', *, *, #1408, .T. ) ;
#191 = DIRECTION ( 'NONE',  ( -0.000000000000000000, 0.000000000000000000, 1.000000000000000000 ) ) ;
#192 = ORIENTED_EDGE ( 'NONE', *, *, #573, .T. ) ;
#193 = EDGE_CURVE ( 'NONE', #1156, #1504, #733, .T. ) ;
#194 = ORIENTED_EDGE ( 'NONE', *, *, #1125, .F. ) ;
#195 = DIRECTION ( 'NONE',  ( -0.000000000000000000, -0.000000000000000000, -1.000000000000000000 ) ) ;
#196 = EDGE_CURVE ( 'NONE', #1360, #1080, #398, .T. ) ;
#197 = ORIENTED_EDGE ( 'NONE', *, *, #347, .F. ) ;
#198 = ORIENTED_EDGE ( 'NONE', *, *, #193, .T. ) ;
#199 = FACE_OUTER_BOUND ( 'NONE', #929, .T. ) ;
#200 = AXIS2_PLACEMENT_3D ( 'NONE', #354, #824, #1296 ) ;
#201 = DIRECTION ( 'NONE',  ( 0.000000000000000000, -0.9629557351901366635, 0.2696595113553819090 ) ) ;
#202 = DIRECTION ( 'NONE',  ( -0.2694157293512743356, 0.9630239689530686320, -0.000000000000000000 ) ) ;
#203 = FACE_BOUND ( 'NONE', #1403, .T. ) ;
#204 = ORIENTED_EDGE ( 'NONE', *, *, #358, .T. ) ;
#205 = FACE_OUTER_BOUND ( 'NONE', #37, .T. ) ;
#206 = CARTESIAN_POINT ( 'NONE',  ( 38.03965349549991259, -13.03405871013534423, 3.597788860603690519 ) ) ;
#207 = EDGE_CURVE ( 'NONE', #1360, #786, #1336, .T. ) ;
#208 = AXIS2_PLACEMENT_3D ( 'NONE', #1427, #217, #809 ) ;
#209 = APPROVAL_PERSON_ORGANIZATION ( #1479, #1372, #761 ) ;
#210 = DIRECTION ( 'NONE',  ( -0.000000000000000000, -0.000000000000000000, -1.000000000000000000 ) ) ;
#211 = DIRECTION ( 'NONE',  ( -0.000000000000000000, -1.000000000000000000, -0.000000000000000000 ) ) ;
#212 = ORIENTED_EDGE ( 'NONE', *, *, #152, .F. ) ;
#213 = DIRECTION ( 'NONE',  ( 1.000000000000000000, 1.387778780781446464E-15, 0.000000000000000000 ) ) ;
#214 = AXIS2_PLACEMENT_3D ( 'NONE', #1480, #293, #534 ) ;
#215 = ORIENTED_EDGE ( 'NONE', *, *, #268, .F. ) ;
#216 = CARTESIAN_POINT ( 'NONE',  ( -24.51295090390194176, 26.16295090390257627, 0.000000000000000000 ) ) ;
#217 = DIRECTION ( 'NONE',  ( -0.000000000000000000, 0.000000000000000000, 1.000000000000000000 ) ) ;
#218 = EDGE_CURVE ( 'NONE', #1262, #729, #867, .T. ) ;
#219 = DIRECTION ( 'NONE',  ( 1.000000000000000000, 0.000000000000000000, 0.000000000000000000 ) ) ;
#220 = CARTESIAN_POINT ( 'NONE',  ( -39.51181883242442439, -7.417013348619315494, 5.553975365976108414 ) ) ;
#221 = ORIENTED_EDGE ( 'NONE', *, *, #1385, .F. ) ;
#222 = DIRECTION ( 'NONE',  ( -0.000000000000000000, 0.000000000000000000, 1.000000000000000000 ) ) ;
#223 = AXIS2_PLACEMENT_3D ( 'NONE', #517, #73, #1119 ) ;
#224 = EDGE_LOOP ( 'NONE', ( #776, #897 ) ) ;
#225 = DIRECTION ( 'NONE',  ( -1.000000000000000000, 0.000000000000000000, 0.000000000000000000 ) ) ;
#226 = CARTESIAN_POINT ( 'NONE',  ( -40.20000000000000284, 0.000000000000000000, 6.517813229555121879 ) ) ;
#227 = DIRECTION ( 'NONE',  ( -0.2694157293512745577, 0.9630239689530686320, 3.738894324024557229E-16 ) ) ;
#228 = AXIS2_PLACEMENT_3D ( 'NONE', #1148, #1376, #311 ) ;
#229 = EDGE_CURVE ( 'NONE', #316, #790, #975, .T. ) ;
#230 = ORIENTED_EDGE ( 'NONE', *, *, #1186, .F. ) ;
#231 = CARTESIAN_POINT ( 'NONE',  ( -40.08570769393098487, -3.499061498278317917, 7.497666383077118191 ) ) ;
#232 = VERTEX_POINT ( 'NONE', #859 ) ;
#233 = FACE_OUTER_BOUND ( 'NONE', #1042, .T. ) ;
#234 = AXIS2_PLACEMENT_3D ( 'NONE', #1358, #1029, #774 ) ;
#235 = CARTESIAN_POINT ( 'NONE',  ( -27.81295090390247182, -26.16295090390202560, 3.500000000000000000 ) ) ;
#236 = DIRECTION ( 'NONE',  ( 1.000000000000000000, 0.000000000000000000, 0.000000000000000000 ) ) ;
#237 = LOCAL_TIME ( 15, 13, 10.00000000000000000, #879 ) ;
#238 = EDGE_LOOP ( 'NONE', ( #1019, #302 ) ) ;
#239 = DIRECTION ( 'NONE',  ( -0.000000000000000000, 0.000000000000000000, 1.000000000000000000 ) ) ;
#240 = ORIENTED_EDGE ( 'NONE', *, *, #1484, .T. ) ;
#241 = CARTESIAN_POINT ( 'NONE',  ( 40.04740408574229349, -5.847910419618862043, 8.155421905194884857 ) ) ;
#242 = EDGE_CURVE ( 'NONE', #672, #1128, #839, .T. ) ;
#243 = CARTESIAN_POINT ( 'NONE',  ( -37.00000000000000000, 3.875544286115878151E-13, 0.000000000000000000 ) ) ;
#244 = DIRECTION ( 'NONE',  ( -0.000000000000000000, 0.000000000000000000, 1.000000000000000000 ) ) ;
#245 = EDGE_LOOP ( 'NONE', ( #401, #509 ) ) ;
#246 = CARTESIAN_POINT ( 'NONE',  ( 0.000000000000000000, 37.00000000000000000, 25.00000000000000000 ) ) ;
#247 = ORIENTED_EDGE ( 'NONE', *, *, #931, .F. ) ;
#248 = DIRECTION ( 'NONE',  ( 0.2694157293512743911, 0.9630239689530685210, 0.000000000000000000 ) ) ;
#249 = EDGE_CURVE ( 'NONE', #280, #978, #605, .T. ) ;
#250 = PLANE ( 'NONE',  #1144 ) ;
#251 = FACE_BOUND ( 'NONE', #660, .T. ) ;
#252 = CARTESIAN_POINT ( 'NONE',  ( 0.000000000000000000, 37.00000000000000000, 25.00000000000000000 ) ) ;
#253 = ORIENTED_EDGE ( 'NONE', *, *, #1109, .T. ) ;
#254 = SPHERICAL_SURFACE ( 'NONE', #695, 5.000000000000000000 ) ;
#255 = VERTEX_POINT ( 'NONE', #1463 ) ;
#256 = CARTESIAN_POINT ( 'NONE',  ( -24.51295090390194176, 26.16295090390257627, 3.500000000000000000 ) ) ;
#257 = EDGE_CURVE ( 'NONE', #1534, #60, #962, .T. ) ;
#258 = CYLINDRICAL_SURFACE ( 'NONE', #519, 1.649999999999998579 ) ;
#259 = CARTESIAN_POINT ( 'NONE',  ( -39.85761032379323154, -5.235541927694972841, 7.983938437921073827 ) ) ;
#260 = ORIENTED_EDGE ( 'NONE', *, *, #467, .T. ) ;
#261 = CARTESIAN_POINT ( 'NONE',  ( -38.52095875812274528, 10.77662917405099030, 25.00000000000000000 ) ) ;
#262 = ORIENTED_EDGE ( 'NONE', *, *, #119, .T. ) ;
#263 = CARTESIAN_POINT ( 'NONE',  ( -2.583696190743918430E-13, -37.00000000000000000, 3.500000000000000000 ) ) ;
#264 = CIRCLE ( 'NONE', #739, 1.649999999999999689 ) ;
#265 = CARTESIAN_POINT ( 'NONE',  ( -27.81295090390193891, 26.16295090390257627, 0.000000000000000000 ) ) ;
#266 = CIRCLE ( 'NONE', #75, 5.000000000000000000 ) ;
#267 = CARTESIAN_POINT ( 'NONE',  ( 26.16295090390230627, 26.16295090390221745, 25.00000000000000000 ) ) ;
#268 = EDGE_CURVE ( 'NONE', #1080, #385, #1243, .T. ) ;
#269 = EDGE_LOOP ( 'NONE', ( #399, #999, #194, #552 ) ) ;
#270 = FACE_BOUND ( 'NONE', #943, .T. ) ;
#271 = ORIENTED_EDGE ( 'NONE', *, *, #74, .F. ) ;
#272 = DIRECTION ( 'NONE',  ( -0.000000000000000000, 0.000000000000000000, 1.000000000000000000 ) ) ;
#273 = CARTESIAN_POINT ( 'NONE',  ( 24.51295090390212295, -26.16295090390239864, 3.500000000000000000 ) ) ;
#274 = DIRECTION ( 'NONE',  ( 1.000000000000000000, 0.000000000000000000, 0.000000000000000000 ) ) ;
#275 = CIRCLE ( 'NONE', #426, 4.999999999999997335 ) ;
#276 = AXIS2_PLACEMENT_3D ( 'NONE', #1235, #1083, #849 ) ;
#277 = ORIENTED_EDGE ( 'NONE', *, *, #40, .T. ) ;
#278 = FACE_BOUND ( 'NONE', #869, .T. ) ;
#279 = ADVANCED_FACE ( 'NONE', ( #736 ), #1079, .T. ) ;
#280 = VERTEX_POINT ( 'NONE', #133 ) ;
#281 = CYLINDRICAL_SURFACE ( 'NONE', #276, 40.20000000000000284 ) ;
#282 = APPROVAL_STATUS ( 'not_yet_approved' ) ;
#283 = CARTESIAN_POINT ( 'NONE',  ( -37.37215607540641571, -14.81087270472146677, 3.500000000000000000 ) ) ;
#284 = DIRECTION ( 'NONE',  ( 0.000000000000000000, 0.2696595113553819645, 0.9629557351901367745 ) ) ;
#285 = ORIENTED_EDGE ( 'NONE', *, *, #419, .F. ) ;
#286 = VECTOR ( 'NONE', #1032, 1000.000000000000000 ) ;
#287 = VECTOR ( 'NONE', #1085, 1000.000000000000000 ) ;
#288 = VECTOR ( 'NONE', #1077, 1000.000000000000000 ) ;
#289 = DIRECTION ( 'NONE',  ( -0.000000000000000000, -0.000000000000000000, -1.000000000000000000 ) ) ;
#290 = ORIENTED_EDGE ( 'NONE', *, *, #794, .F. ) ;
#291 = CARTESIAN_POINT ( 'NONE',  ( 60.00000000000000000, -66.00000000000000000, 25.00000000000000000 ) ) ;
#292 = ADVANCED_FACE ( 'NONE', ( #1428 ), #366, .F. ) ;
#293 = DIRECTION ( 'NONE',  ( -0.9630239689530686320, -0.2694157293512743356, 0.000000000000000000 ) ) ;
#294 = CARTESIAN_POINT ( 'NONE',  ( 39.26031044932920366, -8.651506322907376756, 4.896043311906747242 ) ) ;
#295 = CIRCLE ( 'NONE', #987, 1.650000000000002132 ) ;
#296 = DIRECTION ( 'NONE',  ( -0.000000000000000000, -0.000000000000000000, -1.000000000000000000 ) ) ;
#297 = ORIENTED_EDGE ( 'NONE', *, *, #187, .T. ) ;
#298 = DIRECTION ( 'NONE',  ( 1.000000000000000000, 0.000000000000000000, 0.000000000000000000 ) ) ;
#299 = EDGE_CURVE ( 'NONE', #1425, #737, #1236, .T. ) ;
#300 = EDGE_LOOP ( 'NONE', ( #1507, #1175, #1172, #647 ) ) ;
#301 = DIRECTION ( 'NONE',  ( 1.000000000000000000, 0.000000000000000000, 0.000000000000000000 ) ) ;
#302 = ORIENTED_EDGE ( 'NONE', *, *, #408, .F. ) ;
#303 = CARTESIAN_POINT ( 'NONE',  ( 24.51295090390230058, 26.16295090390221745, 0.000000000000000000 ) ) ;
#304 = AXIS2_PLACEMENT_3D ( 'NONE', #590, #951, #471 ) ;
#305 = DATE_AND_TIME ( #1356, #237 ) ;
#306 = EDGE_CURVE ( 'NONE', #144, #60, #1188, .T. ) ;
#307 = EDGE_CURVE ( 'NONE', #589, #1034, #1212, .T. ) ;
#308 = LINE ( 'NONE', #572, #932 ) ;
#309 = FACE_OUTER_BOUND ( 'NONE', #1198, .T. ) ;
#310 = VERTEX_POINT ( 'NONE', #1095 ) ;
#311 = DIRECTION ( 'NONE',  ( 0.9630239689530686320, 0.2694157293512740581, 0.000000000000000000 ) ) ;
#312 = APPLICATION_PROTOCOL_DEFINITION ( 'international standard', 'config_control_design', 1994, #189 ) ;
#313 = VERTEX_POINT ( 'NONE', #42 ) ;
#314 = ADVANCED_FACE ( 'NONE', ( #1315 ), #496, .F. ) ;
#315 = DIRECTION ( 'NONE',  ( -0.000000000000000000, -0.000000000000000000, -1.000000000000000000 ) ) ;
#316 = VERTEX_POINT ( 'NONE', #1204 ) ;
#317 = DIRECTION ( 'NONE',  ( -0.000000000000000000, -0.000000000000000000, -1.000000000000000000 ) ) ;
#318 = VECTOR ( 'NONE', #889, 1000.000000000000000 ) ;
#319 = DIRECTION ( 'NONE',  ( -1.000000000000000000, 0.000000000000000000, 0.000000000000000000 ) ) ;
#320 = DIRECTION ( 'NONE',  ( -0.000000000000000000, -0.000000000000000000, -1.000000000000000000 ) ) ;
#321 = FACE_BOUND ( 'NONE', #359, .T. ) ;
#322 = ORIENTED_EDGE ( 'NONE', *, *, #56, .F. ) ;
#323 = CARTESIAN_POINT ( 'NONE',  ( 38.64999999999999147, -1.289827428153366123E-13, 25.00000000000000000 ) ) ;
#324 = EDGE_CURVE ( 'NONE', #1521, #310, #149, .T. ) ;
#325 = AXIS2_PLACEMENT_3D ( 'NONE', #1066, #1074, #465 ) ;
#326 = CARTESIAN_POINT ( 'NONE',  ( 37.72495818371526610, -13.92064997994927822, 3.499999999999999556 ) ) ;
#327 = DIRECTION ( 'NONE',  ( -0.000000000000000000, 0.000000000000000000, 1.000000000000000000 ) ) ;
#328 = CARTESIAN_POINT ( 'NONE',  ( -39.73351164974359762, -6.108520807420349641, 6.575383378060241313 ) ) ;
#329 = VERTEX_POINT ( 'NONE', #33 ) ;
#330 = LINE ( 'NONE', #1433, #628 ) ;
#331 = ORIENTED_EDGE ( 'NONE', *, *, #860, .F. ) ;
#332 = DIRECTION ( 'NONE',  ( -0.000000000000000000, 0.000000000000000000, 1.000000000000000000 ) ) ;
#333 = VECTOR ( 'NONE', #202, 1000.000000000000000 ) ;
#334 = EDGE_CURVE ( 'NONE', #60, #1534, #1430, .T. ) ;
#335 = AXIS2_PLACEMENT_3D ( 'NONE', #603, #11, #459 ) ;
#336 = LINE ( 'NONE', #138, #1488 ) ;
#337 = LINE ( 'NONE', #1384, #142 ) ;
#338 =( BOUNDED_CURVE ( )  B_SPLINE_CURVE ( 3, ( #1407, #241, #346, #482 ),
 .UNSPECIFIED., .F., .T. ) 
 B_SPLINE_CURVE_WITH_KNOTS ( ( 4, 4 ),
 ( 4.684295206942985068, 4.787691653124168667 ),
 .UNSPECIFIED. ) 
 CURVE ( )  GEOMETRIC_REPRESENTATION_ITEM ( )  RATIONAL_B_SPLINE_CURVE ( ( 1.000000000000000000, 0.9991092963187151454, 0.9991092963187151454, 1.000000000000000000 ) ) 
 REPRESENTATION_ITEM ( '' )  );
#339 = VECTOR ( 'NONE', #296, 1000.000000000000000 ) ;
#340 = CARTESIAN_POINT ( 'NONE',  ( -39.64774727223786499, -6.643028267468974235, 6.104161514017397927 ) ) ;
#341 = EDGE_LOOP ( 'NONE', ( #775, #198 ) ) ;
#342 = DIRECTION ( 'NONE',  ( 1.000000000000000000, 0.000000000000000000, 0.000000000000000000 ) ) ;
#343 = CC_DESIGN_APPROVAL ( #1299, ( #1183 ) ) ;
#344 = ORIENTED_EDGE ( 'NONE', *, *, #207, .F. ) ;
#345 = DESIGN_CONTEXT ( 'detailed design', #189, 'design' ) ;
#346 = CARTESIAN_POINT ( 'NONE',  ( 40.22866121335258782, -6.462744367389857025, 8.327595781793572627 ) ) ;
#347 = EDGE_CURVE ( 'NONE', #462, #1469, #905, .T. ) ;
#348 = DIRECTION ( 'NONE',  ( -0.000000000000000000, 0.000000000000000000, 1.000000000000000000 ) ) ;
#349 = DIRECTION ( 'NONE',  ( -0.9630239689530686320, -0.2694157293512746132, 0.000000000000000000 ) ) ;
#350 = ORIENTED_EDGE ( 'NONE', *, *, #129, .T. ) ;
#351 = AXIS2_PLACEMENT_3D ( 'NONE', #8, #239, #368 ) ;
#352 = ORIENTED_EDGE ( 'NONE', *, *, #659, .T. ) ;
#353 = CIRCLE ( 'NONE', #752, 1.649999999999998579 ) ;
#354 = CARTESIAN_POINT ( 'NONE',  ( -60.00000000000000000, 0.000000000000000000, 25.00000000000000000 ) ) ;
#355 = CARTESIAN_POINT ( 'NONE',  ( 0.000000000000000000, 0.000000000000000000, 3.500000000000000000 ) ) ;
#356 = LINE ( 'NONE', #1266, #333 ) ;
#357 = AXIS2_PLACEMENT_3D ( 'NONE', #360, #706, #1190 ) ;
#358 = EDGE_CURVE ( 'NONE', #935, #120, #710, .T. ) ;
#359 = EDGE_LOOP ( 'NONE', ( #823, #720 ) ) ;
#360 = CARTESIAN_POINT ( 'NONE',  ( 60.00000000000000000, 0.000000000000000000, 25.00000000000000000 ) ) ;
#361 = EDGE_LOOP ( 'NONE', ( #530, #664 ) ) ;
#362 = CARTESIAN_POINT ( 'NONE',  ( 55.29403322440887081, -61.00000000000000711, 23.59983433557235699 ) ) ;
#363 = AXIS2_PLACEMENT_3D ( 'NONE', #1515, #916, #988 ) ;
#364 = VECTOR ( 'NONE', #1297, 1000.000000000000000 ) ;
#365 = CYLINDRICAL_SURFACE ( 'NONE', #416, 4.999999999999997335 ) ;
#366 = CYLINDRICAL_SURFACE ( 'NONE', #1438, 1.650000000000002132 ) ;
#367 = ORIENTED_EDGE ( 'NONE', *, *, #347, .T. ) ;
#368 = DIRECTION ( 'NONE',  ( 1.000000000000000000, 0.000000000000000000, 0.000000000000000000 ) ) ;
#369 = EDGE_CURVE ( 'NONE', #1049, #1457, #652, .T. ) ;
#370 = EDGE_LOOP ( 'NONE', ( #953, #1316 ) ) ;
#371 = LINE ( 'NONE', #593, #528 ) ;
#372 = AXIS2_PLACEMENT_3D ( 'NONE', #478, #505, #24 ) ;
#373 = DIRECTION ( 'NONE',  ( 1.000000000000000000, 0.000000000000000000, 0.000000000000000000 ) ) ;
#374 = CARTESIAN_POINT ( 'NONE',  ( -38.84436821749934410, -10.39033270401379383, 4.198675144274344184 ) ) ;
#375 = CARTESIAN_POINT ( 'NONE',  ( 50.29403322440887791, -66.00000000000000000, 3.499999999999999556 ) ) ;
#376 = ORIENTED_EDGE ( 'NONE', *, *, #477, .T. ) ;
#377 = CARTESIAN_POINT ( 'NONE',  ( -2.583696190743918430E-13, -37.00000000000000000, 3.500000000000000000 ) ) ;
#378 = ORIENTED_EDGE ( 'NONE', *, *, #196, .F. ) ;
#379 = CARTESIAN_POINT ( 'NONE',  ( -27.81295090390193891, 26.16295090390257627, 25.00000000000000000 ) ) ;
#380 = CARTESIAN_POINT ( 'NONE',  ( -50.29403322440888502, -61.00000000000000711, 8.500000000000000000 ) ) ;
#381 = CARTESIAN_POINT ( 'NONE',  ( -26.16295090390194034, 26.16295090390257627, 3.500000000000000000 ) ) ;
#382 = CIRCLE ( 'NONE', #1167, 1.649999999999998579 ) ;
#383 = VERTEX_POINT ( 'NONE', #562 ) ;
#384 = CARTESIAN_POINT ( 'NONE',  ( 1.649999999999999689, 37.00000000000000000, 0.000000000000000000 ) ) ;
#385 = VERTEX_POINT ( 'NONE', #1270 ) ;
#386 = CYLINDRICAL_SURFACE ( 'NONE', #1417, 1.650000000000002132 ) ;
#387 = EDGE_CURVE ( 'NONE', #1286, #1232, #45, .T. ) ;
#388 = CARTESIAN_POINT ( 'NONE',  ( 50.29403322440887791, -61.00000000000000711, 8.500000000000000000 ) ) ;
#389 = DIRECTION ( 'NONE',  ( -0.000000000000000000, 0.000000000000000000, 1.000000000000000000 ) ) ;
#390 = CC_DESIGN_APPROVAL ( #1372, ( #1383 ) ) ;
#391 = ORIENTED_EDGE ( 'NONE', *, *, #1320, .F. ) ;
#392 = FACE_BOUND ( 'NONE', #245, .T. ) ;
#393 = VERTEX_POINT ( 'NONE', #57 ) ;
#394 = DIRECTION ( 'NONE',  ( 0.000000000000000000, 1.000000000000000000, 0.000000000000000000 ) ) ;
#395 = VECTOR ( 'NONE', #1179, 1000.000000000000000 ) ;
#396 = ADVANCED_FACE ( 'NONE', ( #442 ), #520, .T. ) ;
#397 = AXIS2_PLACEMENT_3D ( 'NONE', #388, #974, #63 ) ;
#398 = LINE ( 'NONE', #1456, #677 ) ;
#399 = ORIENTED_EDGE ( 'NONE', *, *, #1239, .T. ) ;
#400 = FACE_OUTER_BOUND ( 'NONE', #829, .T. ) ;
#401 = ORIENTED_EDGE ( 'NONE', *, *, #1408, .F. ) ;
#402 = LINE ( 'NONE', #1099, #1340 ) ;
#403 = DIRECTION ( 'NONE',  ( -0.000000000000000000, -0.000000000000000000, -1.000000000000000000 ) ) ;
#404 = CARTESIAN_POINT ( 'NONE',  ( 39.80222988674876916, -5.642511924087350472, 7.119657133243424418 ) ) ;
#405 = EDGE_CURVE ( 'NONE', #1504, #1156, #436, .T. ) ;
#406 = AXIS2_PLACEMENT_3D ( 'NONE', #690, #493, #225 ) ;
#407 = ORIENTED_EDGE ( 'NONE', *, *, #1154, .T. ) ;
#408 = EDGE_CURVE ( 'NONE', #1232, #1286, #1300, .T. ) ;
#409 = DIRECTION ( 'NONE',  ( -1.000000000000000000, 0.000000000000000000, 0.000000000000000000 ) ) ;
#410 = ORIENTED_EDGE ( 'NONE', *, *, #970, .T. ) ;
#411 = DIRECTION ( 'NONE',  ( -1.000000000000000000, 0.000000000000000000, 0.000000000000000000 ) ) ;
#412 = DATE_TIME_ROLE ( 'creation_date' ) ;
#413 = CARTESIAN_POINT ( 'NONE',  ( -60.00000000000000000, -70.00000000000000000, 0.000000000000000000 ) ) ;
#414 = DIRECTION ( 'NONE',  ( 1.000000000000000000, 0.000000000000000000, 0.000000000000000000 ) ) ;
#415 = EDGE_LOOP ( 'NONE', ( #840, #1474, #1304, #7 ) ) ;
#416 = AXIS2_PLACEMENT_3D ( 'NONE', #580, #476, #1044 ) ;
#417 = EDGE_LOOP ( 'NONE', ( #190, #253, #708, #1158 ) ) ;
#418 = DIRECTION ( 'NONE',  ( -1.000000000000000000, 0.000000000000000000, 0.000000000000000000 ) ) ;
#419 = EDGE_CURVE ( 'NONE', #113, #1393, #1495, .T. ) ;
#420 = DIRECTION ( 'NONE',  ( -0.000000000000000000, 0.000000000000000000, 1.000000000000000000 ) ) ;
#421 = EDGE_LOOP ( 'NONE', ( #877, #989 ) ) ;
#422 = ORIENTED_EDGE ( 'NONE', *, *, #760, .T. ) ;
#423 = DIRECTION ( 'NONE',  ( -0.000000000000000000, -0.000000000000000000, -1.000000000000000000 ) ) ;
#424 = ADVANCED_FACE ( 'NONE', ( #1003 ), #165, .F. ) ;
#425 = COORDINATED_UNIVERSAL_TIME_OFFSET ( 8, 0, .AHEAD. ) ;
#426 = AXIS2_PLACEMENT_3D ( 'NONE', #447, #213, #714 ) ;
#427 = CARTESIAN_POINT ( 'NONE',  ( -24.51295090390194176, 26.16295090390257627, 25.00000000000000000 ) ) ;
#428 = VERTEX_POINT ( 'NONE', #638 ) ;
#429 = CARTESIAN_POINT ( 'NONE',  ( 50.29403322440887791, -66.00000000000000000, 8.500000000000000000 ) ) ;
#430 = CARTESIAN_POINT ( 'NONE',  ( 27.81295090390212010, -26.16295090390239864, 3.500000000000000000 ) ) ;
#431 = ADVANCED_FACE ( 'NONE', ( #1347 ), #1265, .F. ) ;
#432 = ORIENTED_EDGE ( 'NONE', *, *, #1264, .T. ) ;
#433 = PLANE ( 'NONE',  #772 ) ;
#434 = ORIENTED_EDGE ( 'NONE', *, *, #868, .T. ) ;
#435 = CYLINDRICAL_SURFACE ( 'NONE', #108, 5.000000000000000888 ) ;
#436 = CIRCLE ( 'NONE', #363, 1.649999999999998579 ) ;
#437 = CARTESIAN_POINT ( 'NONE',  ( -37.00000000000000000, 3.875544286115878151E-13, 25.00000000000000000 ) ) ;
#438 = CARTESIAN_POINT ( 'NONE',  ( 26.16295090390230627, 26.16295090390221745, 3.500000000000000000 ) ) ;
#439 = LINE ( 'NONE', #453, #591 ) ;
#440 = ORIENTED_EDGE ( 'NONE', *, *, #99, .T. ) ;
#441 = DIRECTION ( 'NONE',  ( -0.000000000000000000, -0.000000000000000000, -1.000000000000000000 ) ) ;
#442 = FACE_OUTER_BOUND ( 'NONE', #1036, .T. ) ;
#443 = CARTESIAN_POINT ( 'NONE',  ( 26.16295090390212152, -26.16295090390239864, 0.000000000000000000 ) ) ;
#444 =( BOUNDED_CURVE ( )  B_SPLINE_CURVE ( 3, ( #703, #1023, #469, #827 ),
 .UNSPECIFIED., .F., .T. ) 
 B_SPLINE_CURVE_WITH_KNOTS ( ( 4, 4 ),
 ( 3.141592653589795781, 4.712388980384689674 ),
 .UNSPECIFIED. ) 
 CURVE ( )  GEOMETRIC_REPRESENTATION_ITEM ( )  RATIONAL_B_SPLINE_CURVE ( ( 1.000000000000000000, 0.8047378541243654926, 0.8047378541243654926, 1.000000000000000000 ) ) 
 REPRESENTATION_ITEM ( '' )  );
#445 = DIRECTION ( 'NONE',  ( 0.2694157293512743911, 0.9630239689530685210, 0.000000000000000000 ) ) ;
#446 = ORIENTED_EDGE ( 'NONE', *, *, #1378, .F. ) ;
#447 = CARTESIAN_POINT ( 'NONE',  ( 50.29403322440887081, -61.00000000000000711, 8.500000000000000000 ) ) ;
#448 = EDGE_CURVE ( 'NONE', #1111, #428, #646, .T. ) ;
#449 = ORIENTED_EDGE ( 'NONE', *, *, #707, .T. ) ;
#450 = CARTESIAN_POINT ( 'NONE',  ( 39.16443925675515914, -9.076587003609187576, 4.708343149750278123 ) ) ;
#451 = DIRECTION ( 'NONE',  ( -0.000000000000000000, 0.000000000000000000, 1.000000000000000000 ) ) ;
#452 = CARTESIAN_POINT ( 'NONE',  ( -39.59996791330118526, 6.919721184087976873, 4.580062027680561698 ) ) ;
#453 = CARTESIAN_POINT ( 'NONE',  ( -38.64999999999999858, 3.875544286115878151E-13, 25.00000000000000000 ) ) ;
#454 = ORIENTED_EDGE ( 'NONE', *, *, #1131, .T. ) ;
#455 = CARTESIAN_POINT ( 'NONE',  ( 36.99999999999999289, -1.291848095371959215E-13, 3.500000000000000000 ) ) ;
#456 = ADVANCED_FACE ( 'NONE', ( #996 ), #1481, .T. ) ;
#457 = VERTEX_POINT ( 'NONE', #717 ) ;
#458 = APPROVAL_DATE_TIME ( #910, #612 ) ;
#459 = DIRECTION ( 'NONE',  ( -1.000000000000000000, 0.000000000000000000, 0.000000000000000000 ) ) ;
#460 = DIRECTION ( 'NONE',  ( 1.000000000000000000, 0.000000000000000000, 0.000000000000000000 ) ) ;
#461 = VECTOR ( 'NONE', #1162, 1000.000000000000000 ) ;
#462 = VERTEX_POINT ( 'NONE', #216 ) ;
#463 = LINE ( 'NONE', #936, #1418 ) ;
#464 = ORIENTED_EDGE ( 'NONE', *, *, #857, .F. ) ;
#465 = DIRECTION ( 'NONE',  ( 0.000000000000000000, -0.000000000000000000, 1.000000000000000000 ) ) ;
#466 = ADVANCED_FACE ( 'NONE', ( #1528 ), #600, .F. ) ;
#467 = EDGE_CURVE ( 'NONE', #1250, #1277, #1343, .T. ) ;
#468 = CARTESIAN_POINT ( 'NONE',  ( -37.00000000000000000, 3.875544286115878151E-13, 3.500000000000000000 ) ) ;
#469 = CARTESIAN_POINT ( 'NONE',  ( -55.29403322440887791, -63.92893218813451739, 24.42003239222492894 ) ) ;
#470 = ORIENTED_EDGE ( 'NONE', *, *, #1163, .T. ) ;
#471 = DIRECTION ( 'NONE',  ( 0.000000000000000000, -0.9629557351901366635, 0.2696595113553819090 ) ) ;
#472 = AXIS2_PLACEMENT_3D ( 'NONE', #878, #30, #1112 ) ;
#473 = ORIENTED_EDGE ( 'NONE', *, *, #163, .T. ) ;
#474 = VECTOR ( 'NONE', #576, 1000.000000000000227 ) ;
#475 = CARTESIAN_POINT ( 'NONE',  ( 36.99999999999999289, -1.291848095371959215E-13, 3.500000000000000000 ) ) ;
#476 = DIRECTION ( 'NONE',  ( 0.000000000000000000, 0.000000000000000000, 1.000000000000000000 ) ) ;
#477 = EDGE_CURVE ( 'NONE', #978, #927, #1477, .T. ) ;
#478 = CARTESIAN_POINT ( 'NONE',  ( 0.000000000000000000, -70.00000000000000000, 25.00000000000000000 ) ) ;
#479 = ORIENTED_EDGE ( 'NONE', *, *, #1395, .F. ) ;
#480 = FACE_OUTER_BOUND ( 'NONE', #79, .T. ) ;
#481 = ORIENTED_EDGE ( 'NONE', *, *, #1454, .F. ) ;
#482 = CARTESIAN_POINT ( 'NONE',  ( 40.40089736745163407, -7.078400866426009408, 8.500000000000000000 ) ) ;
#483 = CIRCLE ( 'NONE', #538, 1.649999999999998579 ) ;
#484 = VECTOR ( 'NONE', #319, 1000.000000000000000 ) ;
#485 = CIRCLE ( 'NONE', #1273, 1.649999999999998579 ) ;
#486 = DIRECTION ( 'NONE',  ( 1.000000000000000000, 0.000000000000000000, 0.000000000000000000 ) ) ;
#487 = PLANE ( 'NONE',  #1280 ) ;
#488 = DIRECTION ( 'NONE',  ( -0.000000000000000000, -0.000000000000000000, -1.000000000000000000 ) ) ;
#489 = EDGE_CURVE ( 'NONE', #935, #1492, #946, .T. ) ;
#490 = VERTEX_POINT ( 'NONE', #608 ) ;
#491 = CARTESIAN_POINT ( 'NONE',  ( -1.649999999999999689, 37.00000000000000000, 3.500000000000000000 ) ) ;
#492 = ORIENTED_EDGE ( 'NONE', *, *, #74, .T. ) ;
#493 = DIRECTION ( 'NONE',  ( 0.000000000000000000, 0.000000000000000000, -1.000000000000000000 ) ) ;
#494 = AXIS2_PLACEMENT_3D ( 'NONE', #1357, #420, #880 ) ;
#495 = CARTESIAN_POINT ( 'NONE',  ( 0.000000000000000000, 0.000000000000000000, 0.000000000000000000 ) ) ;
#496 = CYLINDRICAL_SURFACE ( 'NONE', #955, 1.649999999999999689 ) ;
#497 = EDGE_LOOP ( 'NONE', ( #1499, #183 ) ) ;
#498 = CARTESIAN_POINT ( 'NONE',  ( -60.00000000000000000, -66.00000000000000000, 25.00000000000000000 ) ) ;
#499 = VERTEX_POINT ( 'NONE', #723 ) ;
#500 = FACE_OUTER_BOUND ( 'NONE', #51, .T. ) ;
#501 = ADVANCED_FACE ( 'NONE', ( #233 ), #1445, .F. ) ;
#502 =( BOUNDED_CURVE ( )  B_SPLINE_CURVE ( 3, ( #1293, #231, #1424, #1182 ),
 .UNSPECIFIED., .F., .T. ) 
 B_SPLINE_CURVE_WITH_KNOTS ( ( 4, 4 ),
 ( 4.581780604047320793, 4.712388980384689674 ),
 .UNSPECIFIED. ) 
 CURVE ( )  GEOMETRIC_REPRESENTATION_ITEM ( )  RATIONAL_B_SPLINE_CURVE ( ( 1.000000000000000000, 0.9985789594620844145, 0.9985789594620844145, 1.000000000000000000 ) ) 
 REPRESENTATION_ITEM ( '' )  );
#503 = AXIS2_PLACEMENT_3D ( 'NONE', #455, #928, #342 ) ;
#504 = CARTESIAN_POINT ( 'NONE',  ( -55.29403322440888502, -61.00000000000000711, 8.500000000000000000 ) ) ;
#505 = DIRECTION ( 'NONE',  ( 0.000000000000000000, -1.000000000000000000, 0.000000000000000000 ) ) ;
#506 = AXIS2_PLACEMENT_3D ( 'NONE', #1506, #191, #298 ) ;
#507 = EDGE_LOOP ( 'NONE', ( #71, #1147, #705, #1192 ) ) ;
#508 = DIRECTION ( 'NONE',  ( -0.000000000000000000, -0.000000000000000000, -1.000000000000000000 ) ) ;
#509 = ORIENTED_EDGE ( 'NONE', *, *, #182, .F. ) ;
#510 = CARTESIAN_POINT ( 'NONE',  ( 50.29403322440887791, -61.00000000000000711, 8.500000000000000000 ) ) ;
#511 = EDGE_CURVE ( 'NONE', #310, #607, #1398, .T. ) ;
#512 = CARTESIAN_POINT ( 'NONE',  ( 55.10915306917421930, -59.65292135324363443, 8.500000000000000000 ) ) ;
#513 = DIRECTION ( 'NONE',  ( -0.000000000000000000, -0.000000000000000000, -1.000000000000000000 ) ) ;
#514 = ORIENTED_EDGE ( 'NONE', *, *, #1465, .T. ) ;
#515 = CARTESIAN_POINT ( 'NONE',  ( -50.29403322440889212, -61.00000000000000000, 8.500000000000000000 ) ) ;
#516 = ORIENTED_EDGE ( 'NONE', *, *, #1174, .T. ) ;
#517 = CARTESIAN_POINT ( 'NONE',  ( 26.16295090390230627, 26.16295090390221745, 0.000000000000000000 ) ) ;
#518 = DIRECTION ( 'NONE',  ( -1.000000000000000000, 0.000000000000000000, 0.000000000000000000 ) ) ;
#519 = AXIS2_PLACEMENT_3D ( 'NONE', #1137, #1026, #1512 ) ;
#520 = PLANE ( 'NONE',  #1101 ) ;
#521 = EDGE_CURVE ( 'NONE', #1393, #94, #338, .T. ) ;
#522 = ORIENTED_EDGE ( 'NONE', *, *, #725, .F. ) ;
#523 = ORIENTED_EDGE ( 'NONE', *, *, #949, .F. ) ;
#524 = DIRECTION ( 'NONE',  ( -0.000000000000000000, -0.000000000000000000, -1.000000000000000000 ) ) ;
#525 = PERSON_AND_ORGANIZATION ( #536, #1409 ) ;
#526 = DIRECTION ( 'NONE',  ( -0.000000000000000000, 0.000000000000000000, 1.000000000000000000 ) ) ;
#527 = DIRECTION ( 'NONE',  ( -0.000000000000000000, -0.000000000000000000, -1.000000000000000000 ) ) ;
#528 = VECTOR ( 'NONE', #1058, 1000.000000000000000 ) ;
#529 = ADVANCED_FACE ( 'NONE', ( #930 ), #816, .T. ) ;
#530 = ORIENTED_EDGE ( 'NONE', *, *, #91, .F. ) ;
#531 = ORIENTED_EDGE ( 'NONE', *, *, #1256, .T. ) ;
#532 = DIRECTION ( 'NONE',  ( -1.000000000000000000, 0.000000000000000000, 0.000000000000000000 ) ) ;
#533 = PERSON_AND_ORGANIZATION_ROLE ( 'design_supplier' ) ;
#534 = DIRECTION ( 'NONE',  ( 0.2694157293512743356, -0.9630239689530686320, 0.000000000000000000 ) ) ;
#535 = CARTESIAN_POINT ( 'NONE',  ( 38.83902420343054018, -10.38172775014369087, 4.224241756003728199 ) ) ;
#536 = PERSON ( 'æœª', 'æœª', 'æœª', ('æœª'), ('æœª'), ('æœª') ) ;
#537 = ORIENTED_EDGE ( 'NONE', *, *, #1031, .F. ) ;
#538 = AXIS2_PLACEMENT_3D ( 'NONE', #693, #107, #460 ) ;
#539 = EDGE_CURVE ( 'NONE', #964, #232, #1287, .T. ) ;
#540 = ORIENTED_EDGE ( 'NONE', *, *, #1174, .F. ) ;
#541 = CARTESIAN_POINT ( 'NONE',  ( 0.000000000000000000, -61.00000000000000711, 8.500000000000000000 ) ) ;
#542 = PERSON_AND_ORGANIZATION_ROLE ( 'classification_officer' ) ;
#543 = AXIS2_PLACEMENT_3D ( 'NONE', #1242, #1117, #65 ) ;
#544 = AXIS2_PLACEMENT_3D ( 'NONE', #1170, #587, #826 ) ;
#545 = ORIENTED_EDGE ( 'NONE', *, *, #1421, .F. ) ;
#546 = ORIENTED_EDGE ( 'NONE', *, *, #1327, .T. ) ;
#547 = CARTESIAN_POINT ( 'NONE',  ( 53.22296541254340241, -66.00000000000000000, 25.00000000000000000 ) ) ;
#548 = EDGE_CURVE ( 'NONE', #144, #722, #132, .T. ) ;
#549 =( NAMED_UNIT ( * ) SI_UNIT ( $, .STERADIAN. ) SOLID_ANGLE_UNIT ( ) );
#550 = CIRCLE ( 'NONE', #472, 1.650000000000002132 ) ;
#551 = CIRCLE ( 'NONE', #820, 4.999999999999997335 ) ;
#552 = ORIENTED_EDGE ( 'NONE', *, *, #448, .F. ) ;
#553 = ORIENTED_EDGE ( 'NONE', *, *, #119, .F. ) ;
#554 = CARTESIAN_POINT ( 'NONE',  ( -26.16295090390246969, -26.16295090390202560, 3.500000000000000000 ) ) ;
#555 = CARTESIAN_POINT ( 'NONE',  ( 39.59996791330119237, 6.919721184087981314, 3.500000000000000000 ) ) ;
#556 = EDGE_CURVE ( 'NONE', #1070, #1491, #1176, .T. ) ;
#557 = CARTESIAN_POINT ( 'NONE',  ( 60.00000000000000000, 0.000000000000000000, 25.00000000000000000 ) ) ;
#558 = CARTESIAN_POINT ( 'NONE',  ( -55.10915306917422640, -59.65292135324363443, 23.22260768187796742 ) ) ;
#559 = ORIENTED_EDGE ( 'NONE', *, *, #1194, .F. ) ;
#560 = DIRECTION ( 'NONE',  ( 0.000000000000000000, 0.000000000000000000, -1.000000000000000000 ) ) ;
#561 = AXIS2_PLACEMENT_3D ( 'NONE', #1307, #244, #157 ) ;
#562 = CARTESIAN_POINT ( 'NONE',  ( 1.649999999999999689, 37.00000000000000000, 3.500000000000000000 ) ) ;
#563 = ADVANCED_FACE ( 'NONE', ( #1416 ), #1435, .T. ) ;
#564 = CARTESIAN_POINT ( 'NONE',  ( 60.00000000000000000, -70.00000000000000000, 25.00000000000000000 ) ) ;
#565 = VECTOR ( 'NONE', #755, 1000.000000000000000 ) ;
#566 = CIRCLE ( 'NONE', #685, 1.649999999999998579 ) ;
#567 = CARTESIAN_POINT ( 'NONE',  ( 26.16295090390212152, -26.16295090390239864, 3.500000000000000000 ) ) ;
#568 = ORIENTED_EDGE ( 'NONE', *, *, #1496, .F. ) ;
#569 = CARTESIAN_POINT ( 'NONE',  ( -39.97715159558951115, 5.571481689622410194, 4.957613757195757032 ) ) ;
#570 = EDGE_LOOP ( 'NONE', ( #813, #937, #35, #479 ) ) ;
#571 = DIRECTION ( 'NONE',  ( 0.000000000000000000, -0.000000000000000000, 1.000000000000000000 ) ) ;
#572 = CARTESIAN_POINT ( 'NONE',  ( 24.51295090390212295, -26.16295090390239864, 3.500000000000000000 ) ) ;
#573 = EDGE_CURVE ( 'NONE', #786, #1080, #709, .T. ) ;
#574 = CARTESIAN_POINT ( 'NONE',  ( -55.29403322440888502, -60.54394087162973648, 23.47212266907378364 ) ) ;
#575 = ORIENTED_EDGE ( 'NONE', *, *, #556, .F. ) ;
#576 = DIRECTION ( 'NONE',  ( -0.2601228066757950708, 0.9298065050000065002, -0.2603766285724961604 ) ) ;
#577 = ORIENTED_EDGE ( 'NONE', *, *, #152, .T. ) ;
#578 = CARTESIAN_POINT ( 'NONE',  ( 55.10915306917421930, -59.65292135324364153, 23.22260768187797098 ) ) ;
#579 = VECTOR ( 'NONE', #1028, 1000.000000000000114 ) ;
#580 = CARTESIAN_POINT ( 'NONE',  ( 50.29403322440887791, -61.00000000000000711, 25.00000000000000000 ) ) ;
#581 = CARTESIAN_POINT ( 'NONE',  ( -38.52095875812274528, 10.77662917405099030, 0.000000000000000000 ) ) ;
#582 = ORIENTED_EDGE ( 'NONE', *, *, #1373, .T. ) ;
#583 = CARTESIAN_POINT ( 'NONE',  ( 38.52095875812275239, 10.77662917405097076, 3.499999999999999556 ) ) ;
#584 = EDGE_LOOP ( 'NONE', ( #1525, #1365 ) ) ;
#585 = DIRECTION ( 'NONE',  ( 1.000000000000000000, 0.000000000000000000, 0.000000000000000000 ) ) ;
#586 = EDGE_CURVE ( 'NONE', #232, #1492, #371, .T. ) ;
#587 = DIRECTION ( 'NONE',  ( -0.000000000000000000, 0.000000000000000000, 1.000000000000000000 ) ) ;
#588 = CARTESIAN_POINT ( 'NONE',  ( -39.99948956142202405, 4.633350964051555110, 5.220321443333563849 ) ) ;
#589 = VERTEX_POINT ( 'NONE', #1 ) ;
#590 = CARTESIAN_POINT ( 'NONE',  ( 116.0000000000000426, -66.00000000000000000, 25.00000000000000000 ) ) ;
#591 = VECTOR ( 'NONE', #93, 1000.000000000000000 ) ;
#592 = ORIENTED_EDGE ( 'NONE', *, *, #229, .T. ) ;
#593 = CARTESIAN_POINT ( 'NONE',  ( 38.52095875812275239, 10.77662917405097254, 0.000000000000000000 ) ) ;
#594 = ADVANCED_FACE ( 'NONE', ( #841 ), #1312, .F. ) ;
#595 = CARTESIAN_POINT ( 'NONE',  ( 0.000000000000000000, 37.00000000000000000, 3.500000000000000000 ) ) ;
#596 = CARTESIAN_POINT ( 'NONE',  ( -40.22866121335259493, -6.462744367389861466, 8.327595781793572627 ) ) ;
#597 = EDGE_LOOP ( 'NONE', ( #991, #166, #449, #1284, #104, #432, #781, #204, #968 ) ) ;
#598 = DIRECTION ( 'NONE',  ( 1.000000000000000000, 0.000000000000000000, 0.000000000000000000 ) ) ;
#599 = ORIENTED_EDGE ( 'NONE', *, *, #257, .F. ) ;
#600 = CYLINDRICAL_SURFACE ( 'NONE', #406, 4.999999999999997335 ) ;
#601 = AXIS2_PLACEMENT_3D ( 'NONE', #1278, #1193, #1169 ) ;
#602 = EDGE_CURVE ( 'NONE', #329, #232, #1351, .T. ) ;
#603 = CARTESIAN_POINT ( 'NONE',  ( 0.000000000000000000, 0.000000000000000000, 3.500000000000000000 ) ) ;
#604 = CARTESIAN_POINT ( 'NONE',  ( -39.80237606933586392, -5.641476598195676928, 7.121131045756242450 ) ) ;
#605 = LINE ( 'NONE', #1069, #565 ) ;
#606 = ORIENTED_EDGE ( 'NONE', *, *, #1186, .T. ) ;
#607 = VERTEX_POINT ( 'NONE', #649 ) ;
#608 = CARTESIAN_POINT ( 'NONE',  ( 55.29403322440887081, -61.00000000000000711, 8.500000000000000000 ) ) ;
#609 = AXIS2_PLACEMENT_3D ( 'NONE', #443, #327, #802 ) ;
#610 = CIRCLE ( 'NONE', #806, 1.649999999999999689 ) ;
#611 = LINE ( 'NONE', #933, #1431 ) ;
#612 = APPROVAL ( #1009, 'æœª' ) ;
#613 = CARTESIAN_POINT ( 'NONE',  ( -55.29403322440887791, -61.00000000000000000, 23.59983433557235344 ) ) ;
#614 = DIRECTION ( 'NONE',  ( 0.2601228066757952928, 0.9298065050000065002, -0.2603766285724961604 ) ) ;
#615 = ADVANCED_FACE ( 'NONE', ( #1000 ), #281, .F. ) ;
#616 = EDGE_LOOP ( 'NONE', ( #1039, #1350, #559, #1244 ) ) ;
#617 = CYLINDRICAL_SURFACE ( 'NONE', #942, 1.649999999999998579 ) ;
#618 = ORIENTED_EDGE ( 'NONE', *, *, #1109, .F. ) ;
#619 = CARTESIAN_POINT ( 'NONE',  ( -50.29403322440889212, -61.00000000000000711, 8.500000000000000000 ) ) ;
#620 = VECTOR ( 'NONE', #1267, 1000.000000000000000 ) ;
#621 = CARTESIAN_POINT ( 'NONE',  ( 55.10915306917421930, -59.65292135324363443, 25.00000000000000000 ) ) ;
#622 = ORIENTED_EDGE ( 'NONE', *, *, #2, .F. ) ;
#623 = CARTESIAN_POINT ( 'NONE',  ( -27.81295090390193891, 26.16295090390257627, 3.500000000000000000 ) ) ;
#624 = EDGE_CURVE ( 'NONE', #188, #255, #38, .T. ) ;
#625 = ORIENTED_EDGE ( 'NONE', *, *, #249, .T. ) ;
#626 = CARTESIAN_POINT ( 'NONE',  ( -38.64999999999999858, 3.875544286115878151E-13, 3.500000000000000000 ) ) ;
#627 = CIRCLE ( 'NONE', #31, 4.999999999999997335 ) ;
#628 = VECTOR ( 'NONE', #944, 1000.000000000000000 ) ;
#629 = CARTESIAN_POINT ( 'NONE',  ( 0.000000000000000000, 0.000000000000000000, 25.00000000000000000 ) ) ;
#630 = DIRECTION ( 'NONE',  ( 1.000000000000000000, 0.000000000000000000, 0.000000000000000000 ) ) ;
#631 = VECTOR ( 'NONE', #920, 1000.000000000000000 ) ;
#632 = ORIENTED_EDGE ( 'NONE', *, *, #324, .F. ) ;
#633 = DIRECTION ( 'NONE',  ( -0.000000000000000000, 0.000000000000000000, 1.000000000000000000 ) ) ;
#634 = EDGE_LOOP ( 'NONE', ( #9, #1086, #769, #648 ) ) ;
#635 = CARTESIAN_POINT ( 'NONE',  ( 24.51295090390212295, -26.16295090390239864, 0.000000000000000000 ) ) ;
#636 = EDGE_CURVE ( 'NONE', #1005, #786, #1064, .T. ) ;
#637 = CARTESIAN_POINT ( 'NONE',  ( 0.000000000000000000, 0.000000000000000000, 93.50000000000001421 ) ) ;
#638 = CARTESIAN_POINT ( 'NONE',  ( -1.649999999999999689, 37.00000000000000000, 0.000000000000000000 ) ) ;
#639 = AXIS2_PLACEMENT_3D ( 'NONE', #1241, #50, #1390 ) ;
#640 = CC_DESIGN_APPROVAL ( #612, ( #1145 ) ) ;
#641 = ORIENTED_EDGE ( 'NONE', *, *, #84, .F. ) ;
#642 = CYLINDRICAL_SURFACE ( 'NONE', #1089, 1.649999999999998579 ) ;
#643 = ORIENTED_EDGE ( 'NONE', *, *, #140, .T. ) ;
#644 = CARTESIAN_POINT ( 'NONE',  ( -50.29403322440889212, -61.00000000000000711, 8.500000000000000000 ) ) ;
#645 = ADVANCED_FACE ( 'NONE', ( #759 ), #1478, .F. ) ;
#646 = LINE ( 'NONE', #1108, #168 ) ;
#647 = ORIENTED_EDGE ( 'NONE', *, *, #1131, .F. ) ;
#648 = ORIENTED_EDGE ( 'NONE', *, *, #760, .F. ) ;
#649 = CARTESIAN_POINT ( 'NONE',  ( 55.29403322440887081, -61.00000000000000711, 23.59983433557235699 ) ) ;
#650 = PERSON_AND_ORGANIZATION_ROLE ( 'creator' ) ;
#651 = LINE ( 'NONE', #754, #318 ) ;
#652 = LINE ( 'NONE', #881, #484 ) ;
#653 = ORIENTED_EDGE ( 'NONE', *, *, #307, .T. ) ;
#654 = ORIENTED_EDGE ( 'NONE', *, *, #1059, .F. ) ;
#655 = LINE ( 'NONE', #1493, #825 ) ;
#656 = PERSON_AND_ORGANIZATION ( #536, #1409 ) ;
#657 =( BOUNDED_CURVE ( )  B_SPLINE_CURVE ( 3, ( #1281, #691, #1436, #1161 ),
 .UNSPECIFIED., .F., .T. ) 
 B_SPLINE_CURVE_WITH_KNOTS ( ( 4, 4 ),
 ( 1.397802387104488675, 1.701404703132265661 ),
 .UNSPECIFIED. ) 
 CURVE ( )  GEOMETRIC_REPRESENTATION_ITEM ( )  RATIONAL_B_SPLINE_CURVE ( ( 1.000000000000000000, 0.9923335416808642950, 0.9923335416808642950, 1.000000000000000000 ) ) 
 REPRESENTATION_ITEM ( '' )  );
#658 = DIRECTION ( 'NONE',  ( 0.000000000000000000, 1.000000000000000000, -0.000000000000000000 ) ) ;
#659 = EDGE_CURVE ( 'NONE', #1128, #1469, #1220, .T. ) ;
#660 = EDGE_LOOP ( 'NONE', ( #807, #367 ) ) ;
#661 = CARTESIAN_POINT ( 'NONE',  ( 39.59996791330119237, 6.919721184087981314, 93.50000000000001421 ) ) ;
#662 = AXIS2_PLACEMENT_3D ( 'NONE', #796, #227, #349 ) ;
#663 = AXIS2_PLACEMENT_3D ( 'NONE', #1490, #866, #1335 ) ;
#664 = ORIENTED_EDGE ( 'NONE', *, *, #939, .F. ) ;
#665 = ORIENTED_EDGE ( 'NONE', *, *, #1154, .F. ) ;
#666 = PRODUCT ( '\X2\7535673a56fa5b9a\X0\', '\X2\7535673a56fa5b9a\X0\', '', ( #901 ) ) ;
#667 = CARTESIAN_POINT ( 'NONE',  ( -55.10915306917422640, -59.65292135324362732, 8.500000000000000000 ) ) ;
#668 = EDGE_CURVE ( 'NONE', #950, #1096, #402, .T. ) ;
#669 = AXIS2_PLACEMENT_3D ( 'NONE', #1334, #272, #750 ) ;
#670 = VERTEX_POINT ( 'NONE', #177 ) ;
#671 = AXIS2_PLACEMENT_3D ( 'NONE', #475, #1159, #128 ) ;
#672 = VERTEX_POINT ( 'NONE', #256 ) ;
#673 = CARTESIAN_POINT ( 'NONE',  ( -38.52095875812274528, 10.77662917405097787, 0.000000000000000000 ) ) ;
#674 = DIRECTION ( 'NONE',  ( -0.000000000000000000, 0.000000000000000000, 1.000000000000000000 ) ) ;
#675 = ADVANCED_FACE ( 'NONE', ( #992 ), #61, .F. ) ;
#676 = CARTESIAN_POINT ( 'NONE',  ( 26.16295090390212152, -26.16295090390239864, 3.500000000000000000 ) ) ;
#677 = VECTOR ( 'NONE', #614, 1000.000000000000227 ) ;
#678 = ORIENTED_EDGE ( 'NONE', *, *, #735, .F. ) ;
#679 = CARTESIAN_POINT ( 'NONE',  ( 55.29403322440887081, -61.00000000000000711, 23.59983433557235699 ) ) ;
#680 = AXIS2_PLACEMENT_3D ( 'NONE', #89, #571, #414 ) ;
#681 = CIRCLE ( 'NONE', #956, 40.20000000000000284 ) ;
#682 = CARTESIAN_POINT ( 'NONE',  ( 38.95407932733470346, -9.940696036489024223, 4.372612675501303059 ) ) ;
#683 = EDGE_CURVE ( 'NONE', #1034, #799, #550, .T. ) ;
#684 = CARTESIAN_POINT ( 'NONE',  ( 35.05131039312360741, -6.515031828387702895, 3.500000000000000000 ) ) ;
#685 = AXIS2_PLACEMENT_3D ( 'NONE', #49, #526, #156 ) ;
#686 = DIRECTION ( 'NONE',  ( 0.000000000000000000, 0.000000000000000000, -1.000000000000000000 ) ) ;
#687 = ORIENTED_EDGE ( 'NONE', *, *, #48, .T. ) ;
#688 = CARTESIAN_POINT ( 'NONE',  ( 39.97715159558951825, 5.571481689622404865, 4.957613757195757032 ) ) ;
#689 = EDGE_LOOP ( 'NONE', ( #221, #848, #1449, #344 ) ) ;
#690 = CARTESIAN_POINT ( 'NONE',  ( -50.29403322440888502, -61.00000000000000000, 25.00000000000000000 ) ) ;
#691 = CARTESIAN_POINT ( 'NONE',  ( 40.30295203607300891, 2.896705232327057011, 5.706639788300658545 ) ) ;
#692 = ADVANCED_FACE ( 'NONE', ( #500 ), #1227, .F. ) ;
#693 = CARTESIAN_POINT ( 'NONE',  ( -37.00000000000000000, 3.875544286115878151E-13, 0.000000000000000000 ) ) ;
#694 = CIRCLE ( 'NONE', #669, 40.20000000000000284 ) ;
#695 = AXIS2_PLACEMENT_3D ( 'NONE', #167, #145, #1199 ) ;
#696 = CARTESIAN_POINT ( 'NONE',  ( -39.84950407743963297, -5.297253898072057154, 7.748480109272681382 ) ) ;
#697 = ORIENTED_EDGE ( 'NONE', *, *, #1496, .T. ) ;
#698 = DIRECTION ( 'NONE',  ( -0.000000000000000000, -0.000000000000000000, -1.000000000000000000 ) ) ;
#699 = ORIENTED_EDGE ( 'NONE', *, *, #268, .T. ) ;
#700 = CARTESIAN_POINT ( 'NONE',  ( 60.00000000000000000, 0.000000000000000000, 0.000000000000000000 ) ) ;
#701 = AXIS2_PLACEMENT_3D ( 'NONE', #135, #1276, #1309 ) ;
#702 = DIRECTION ( 'NONE',  ( 1.000000000000000000, 0.000000000000000000, 0.000000000000000000 ) ) ;
#703 = CARTESIAN_POINT ( 'NONE',  ( -50.29403322440889923, -66.00000000000000000, 25.00000000000000000 ) ) ;
#704 = PRODUCT_RELATED_PRODUCT_CATEGORY ( 'detail', '', ( #666 ) ) ;
#705 = ORIENTED_EDGE ( 'NONE', *, *, #1177, .F. ) ;
#706 = DIRECTION ( 'NONE',  ( -1.000000000000000000, 0.000000000000000000, 0.000000000000000000 ) ) ;
#707 = EDGE_CURVE ( 'NONE', #393, #1005, #147, .T. ) ;
#708 = ORIENTED_EDGE ( 'NONE', *, *, #163, .F. ) ;
#709 = LINE ( 'NONE', #121, #1191 ) ;
#710 = CIRCLE ( 'NONE', #680, 40.00000000000000711 ) ;
#711 = LINE ( 'NONE', #1178, #23 ) ;
#712 = CARTESIAN_POINT ( 'NONE',  ( -40.20000000000000284, 0.000000000000000000, 6.517813229555121879 ) ) ;
#713 = ORIENTED_EDGE ( 'NONE', *, *, #683, .F. ) ;
#714 = DIRECTION ( 'NONE',  ( 1.387778780781446464E-15, -1.000000000000000000, 0.000000000000000000 ) ) ;
#715 = ADVANCED_FACE ( 'NONE', ( #162 ), #386, .F. ) ;
#716 = VERTEX_POINT ( 'NONE', #626 ) ;
#717 = CARTESIAN_POINT ( 'NONE',  ( 24.51295090390230058, 26.16295090390221745, 3.500000000000000000 ) ) ;
#718 = LINE ( 'NONE', #947, #364 ) ;
#719 = DIRECTION ( 'NONE',  ( -0.000000000000000000, 0.000000000000000000, 1.000000000000000000 ) ) ;
#720 = ORIENTED_EDGE ( 'NONE', *, *, #257, .T. ) ;
#721 = CARTESIAN_POINT ( 'NONE',  ( 1.649999999999740119, -37.00000000000000000, 0.000000000000000000 ) ) ;
#722 = VERTEX_POINT ( 'NONE', #1091 ) ;
#723 = CARTESIAN_POINT ( 'NONE',  ( -35.35000000000000142, 3.877564953334470990E-13, 0.000000000000000000 ) ) ;
#724 = CC_DESIGN_PERSON_AND_ORGANIZATION_ASSIGNMENT ( #1260, #54, ( #666 ) ) ;
#725 = EDGE_CURVE ( 'NONE', #490, #1521, #627, .T. ) ;
#726 = DIRECTION ( 'NONE',  ( -0.000000000000000000, -0.000000000000000000, -1.000000000000000000 ) ) ;
#727 = CARTESIAN_POINT ( 'NONE',  ( -38.04025775404102916, -13.03206596570627873, 3.598249638919242432 ) ) ;
#728 = DIRECTION ( 'NONE',  ( 1.000000000000000000, 0.000000000000000000, 0.000000000000000000 ) ) ;
#729 = VERTEX_POINT ( 'NONE', #1460 ) ;
#730 = CARTESIAN_POINT ( 'NONE',  ( -55.29403322440887791, -61.00000000000000000, 23.59983433557235344 ) ) ;
#731 = EDGE_LOOP ( 'NONE', ( #622, #43, #352, #197 ) ) ;
#732 = DIRECTION ( 'NONE',  ( -0.000000000000000000, -0.000000000000000000, -1.000000000000000000 ) ) ;
#733 = CIRCLE ( 'NONE', #762, 1.649999999999998579 ) ;
#734 = FACE_OUTER_BOUND ( 'NONE', #1189, .T. ) ;
#735 = EDGE_CURVE ( 'NONE', #729, #393, #694, .T. ) ;
#736 = FACE_OUTER_BOUND ( 'NONE', #1261, .T. ) ;
#737 = VERTEX_POINT ( 'NONE', #635 ) ;
#738 = DIRECTION ( 'NONE',  ( 1.000000000000000000, 0.000000000000000000, 0.000000000000000000 ) ) ;
#739 = AXIS2_PLACEMENT_3D ( 'NONE', #785, #1121, #1498 ) ;
#740 = ORIENTED_EDGE ( 'NONE', *, *, #91, .T. ) ;
#741 = CARTESIAN_POINT ( 'NONE',  ( 26.16295090390230627, 26.16295090390221745, 25.00000000000000000 ) ) ;
#742 = APPROVAL_PERSON_ORGANIZATION ( #525, #1299, #1345 ) ;
#743 = PLANE ( 'NONE',  #663 ) ;
#744 = DIRECTION ( 'NONE',  ( -1.000000000000000000, 0.000000000000000000, 0.000000000000000000 ) ) ;
#745 = EDGE_CURVE ( 'NONE', #799, #1034, #1368, .T. ) ;
#746 = ORIENTED_EDGE ( 'NONE', *, *, #857, .T. ) ;
#747 = DIRECTION ( 'NONE',  ( -0.000000000000000000, 0.000000000000000000, 1.000000000000000000 ) ) ;
#748 = EDGE_CURVE ( 'NONE', #670, #1541, #1259, .T. ) ;
#749 = ORIENTED_EDGE ( 'NONE', *, *, #334, .F. ) ;
#750 = DIRECTION ( 'NONE',  ( 1.000000000000000000, 0.000000000000000000, 0.000000000000000000 ) ) ;
#751 = AXIS2_PLACEMENT_3D ( 'NONE', #872, #1325, #1107 ) ;
#752 = AXIS2_PLACEMENT_3D ( 'NONE', #126, #747, #160 ) ;
#753 = VECTOR ( 'NONE', #732, 1000.000000000000000 ) ;
#754 = CARTESIAN_POINT ( 'NONE',  ( 27.50000000000000000, 3.367778697655221307E-15, 3.500000000000000000 ) ) ;
#755 = DIRECTION ( 'NONE',  ( -0.000000000000000000, -0.000000000000000000, -1.000000000000000000 ) ) ;
#756 = EDGE_LOOP ( 'NONE', ( #1308, #1201 ) ) ;
#757 = FACE_BOUND ( 'NONE', #361, .T. ) ;
#758 = EDGE_LOOP ( 'NONE', ( #410, #446, #890, #540 ) ) ;
#759 = FACE_OUTER_BOUND ( 'NONE', #689, .T. ) ;
#760 = EDGE_CURVE ( 'NONE', #607, #316, #26, .T. ) ;
#761 = APPROVAL_ROLE ( '' ) ;
#762 = AXIS2_PLACEMENT_3D ( 'NONE', #1440, #389, #630 ) ;
#763 = FACE_OUTER_BOUND ( 'NONE', #507, .T. ) ;
#764 = CARTESIAN_POINT ( 'NONE',  ( -30.81676700649819622, 8.621303339240782293, 8.500000000000000000 ) ) ;
#765 = VECTOR ( 'NONE', #488, 1000.000000000000000 ) ;
#766 = AXIS2_PLACEMENT_3D ( 'NONE', #1187, #451, #106 ) ;
#767 = EDGE_LOOP ( 'NONE', ( #740, #653, #922, #1226 ) ) ;
#768 = CARTESIAN_POINT ( 'NONE',  ( -50.29403322440889212, -61.00000000000000000, 8.500000000000000000 ) ) ;
#769 = ORIENTED_EDGE ( 'NONE', *, *, #229, .F. ) ;
#770 = DIRECTION ( 'NONE',  ( -0.000000000000000000, -0.000000000000000000, -1.000000000000000000 ) ) ;
#771 = APPROVAL_DATE_TIME ( #993, #1299 ) ;
#772 = AXIS2_PLACEMENT_3D ( 'NONE', #990, #1257, #1366 ) ;
#773 = CARTESIAN_POINT ( 'NONE',  ( 27.81295090390212010, -26.16295090390239864, 0.000000000000000000 ) ) ;
#774 = DIRECTION ( 'NONE',  ( 1.000000000000000000, 0.000000000000000000, 0.000000000000000000 ) ) ;
#775 = ORIENTED_EDGE ( 'NONE', *, *, #405, .T. ) ;
#776 = ORIENTED_EDGE ( 'NONE', *, *, #1125, .T. ) ;
#777 = CYLINDRICAL_SURFACE ( 'NONE', #1248, 1.649999999999998579 ) ;
#778 = COORDINATED_UNIVERSAL_TIME_OFFSET ( 8, 0, .AHEAD. ) ;
#779 = EDGE_CURVE ( 'NONE', #1485, #1434, #80, .T. ) ;
#780 = VERTEX_POINT ( 'NONE', #793 ) ;
#781 = ORIENTED_EDGE ( 'NONE', *, *, #130, .T. ) ;
#782 = DIRECTION ( 'NONE',  ( -1.000000000000000000, 0.000000000000000000, 0.000000000000000000 ) ) ;
#783 = CALENDAR_DATE ( 2026, 11, 6 ) ;
#784 = ADVANCED_FACE ( 'NONE', ( #1124 ), #892, .F. ) ;
#785 = CARTESIAN_POINT ( 'NONE',  ( 0.000000000000000000, 37.00000000000000000, 3.500000000000000000 ) ) ;
#786 = VERTEX_POINT ( 'NONE', #667 ) ;
#787 = CARTESIAN_POINT ( 'NONE',  ( -26.16295090390194034, 26.16295090390257627, 3.500000000000000000 ) ) ;
#788 = APPROVAL_STATUS ( 'not_yet_approved' ) ;
#789 = LOCAL_TIME ( 15, 13, 10.00000000000000000, #1126 ) ;
#790 = VERTEX_POINT ( 'NONE', #429 ) ;
#791 = ADVANCED_FACE ( 'NONE', ( #199 ), #900, .F. ) ;
#792 = ORIENTED_EDGE ( 'NONE', *, *, #602, .F. ) ;
#793 = CARTESIAN_POINT ( 'NONE',  ( -24.51295090390246756, -26.16295090390202560, 0.000000000000000000 ) ) ;
#794 = EDGE_CURVE ( 'NONE', #1128, #672, #382, .T. ) ;
#795 = CARTESIAN_POINT ( 'NONE',  ( 39.64827030528096685, -6.639889817292304208, 6.106665529030229855 ) ) ;
#796 = CARTESIAN_POINT ( 'NONE',  ( 50.29403322440887791, -61.00000000000000711, 8.500000000000000000 ) ) ;
#797 = VECTOR ( 'NONE', #1185, 1000.000000000000000 ) ;
#798 = LINE ( 'NONE', #139, #620 ) ;
#799 = VERTEX_POINT ( 'NONE', #303 ) ;
#800 = EDGE_CURVE ( 'NONE', #255, #950, #95, .T. ) ;
#801 = DIRECTION ( 'NONE',  ( 1.000000000000000000, 0.000000000000000000, 0.000000000000000000 ) ) ;
#802 = DIRECTION ( 'NONE',  ( 1.000000000000000000, 0.000000000000000000, 0.000000000000000000 ) ) ;
#803 = FACE_BOUND ( 'NONE', #421, .T. ) ;
#804 = ORIENTED_EDGE ( 'NONE', *, *, #324, .T. ) ;
#805 = FACE_OUTER_BOUND ( 'NONE', #634, .T. ) ;
#806 = AXIS2_PLACEMENT_3D ( 'NONE', #1207, #984, #738 ) ;
#807 = ORIENTED_EDGE ( 'NONE', *, *, #1194, .T. ) ;
#808 = EDGE_CURVE ( 'NONE', #790, #490, #1294, .T. ) ;
#809 = DIRECTION ( 'NONE',  ( 1.000000000000000000, 0.000000000000000000, 0.000000000000000000 ) ) ;
#810 = CARTESIAN_POINT ( 'NONE',  ( 26.16295090390212152, -26.16295090390239864, 3.500000000000000000 ) ) ;
#811 = AXIS2_PLACEMENT_3D ( 'NONE', #172, #1252, #1363 ) ;
#812 = CARTESIAN_POINT ( 'NONE',  ( -39.61536992020873527, -6.833845527958849253, 5.959405735635686874 ) ) ;
#813 = ORIENTED_EDGE ( 'NONE', *, *, #1041, .T. ) ;
#814 = DIRECTION ( 'NONE',  ( -0.000000000000000000, -0.000000000000000000, 1.000000000000000000 ) ) ;
#815 = ORIENTED_EDGE ( 'NONE', *, *, #196, .T. ) ;
#816 = PLANE ( 'NONE',  #325 ) ;
#817 = CARTESIAN_POINT ( 'NONE',  ( 38.64999999999999147, -1.289827428153366123E-13, 3.500000000000000000 ) ) ;
#818 = ADVANCED_FACE ( 'NONE', ( #1139 ), #435, .F. ) ;
#819 = CARTESIAN_POINT ( 'NONE',  ( -35.35000000000000142, 3.877564953334470990E-13, 25.00000000000000000 ) ) ;
#820 = AXIS2_PLACEMENT_3D ( 'NONE', #515, #18, #1442 ) ;
#821 = ORIENTED_EDGE ( 'NONE', *, *, #707, .F. ) ;
#822 = CARTESIAN_POINT ( 'NONE',  ( 27.81295090390230840, 26.16295090390221745, 0.000000000000000000 ) ) ;
#823 = ORIENTED_EDGE ( 'NONE', *, *, #334, .T. ) ;
#824 = DIRECTION ( 'NONE',  ( -1.000000000000000000, 0.000000000000000000, 0.000000000000000000 ) ) ;
#825 = VECTOR ( 'NONE', #423, 1000.000000000000000 ) ;
#826 = DIRECTION ( 'NONE',  ( 1.000000000000000000, 0.000000000000000000, 0.000000000000000000 ) ) ;
#827 = CARTESIAN_POINT ( 'NONE',  ( -55.29403322440887791, -61.00000000000000000, 23.59983433557235344 ) ) ;
#828 = ADVANCED_FACE ( 'NONE', ( #205 ), #908, .F. ) ;
#829 = EDGE_LOOP ( 'NONE', ( #891, #514, #1136, #1268 ) ) ;
#830 = CYLINDRICAL_SURFACE ( 'NONE', #701, 4.999999999999997335 ) ;
#831 = ORIENTED_EDGE ( 'NONE', *, *, #748, .T. ) ;
#832 = DIRECTION ( 'NONE',  ( -0.2694157293512743911, -0.9630239689530685210, 0.000000000000000000 ) ) ;
#833 = AXIS2_PLACEMENT_3D ( 'NONE', #437, #909, #1382 ) ;
#834 = DIRECTION ( 'NONE',  ( 1.000000000000000000, 0.000000000000000000, 0.000000000000000000 ) ) ;
#835 = DIRECTION ( 'NONE',  ( 0.000000000000000000, 0.000000000000000000, -1.000000000000000000 ) ) ;
#836 = ORIENTED_EDGE ( 'NONE', *, *, #28, .F. ) ;
#837 = CARTESIAN_POINT ( 'NONE',  ( 60.00000000000000000, -70.00000000000000000, 0.000000000000000000 ) ) ;
#838 = CC_DESIGN_DATE_AND_TIME_ASSIGNMENT ( #1246, #1120, ( #1145 ) ) ;
#839 = CIRCLE ( 'NONE', #1030, 1.649999999999998579 ) ;
#840 = ORIENTED_EDGE ( 'NONE', *, *, #387, .T. ) ;
#841 = FACE_OUTER_BOUND ( 'NONE', #415, .T. ) ;
#842 = ADVANCED_FACE ( 'NONE', ( #1388 ), #1486, .F. ) ;
#843 = CARTESIAN_POINT ( 'NONE',  ( 0.000000000000000000, 0.000000000000000000, 0.000000000000000000 ) ) ;
#844 = DIRECTION ( 'NONE',  ( 1.000000000000000000, 0.000000000000000000, 0.000000000000000000 ) ) ;
#845 = CARTESIAN_POINT ( 'NONE',  ( 0.000000000000000000, 0.000000000000000000, 0.000000000000000000 ) ) ;
#846 = ORIENTED_EDGE ( 'NONE', *, *, #448, .T. ) ;
#847 = DIRECTION ( 'NONE',  ( -0.000000000000000000, -0.000000000000000000, -1.000000000000000000 ) ) ;
#848 = ORIENTED_EDGE ( 'NONE', *, *, #556, .T. ) ;
#849 = DIRECTION ( 'NONE',  ( -1.000000000000000000, 0.000000000000000000, 0.000000000000000000 ) ) ;
#850 = ADVANCED_FACE ( 'NONE', ( #886 ), #777, .F. ) ;
#851 = FACE_BOUND ( 'NONE', #1129, .T. ) ;
#852 = DIRECTION ( 'NONE',  ( -0.000000000000000000, 0.000000000000000000, 1.000000000000000000 ) ) ;
#853 = ORIENTED_EDGE ( 'NONE', *, *, #1279, .T. ) ;
#854 = DIRECTION ( 'NONE',  ( -0.000000000000000000, -0.000000000000000000, -1.000000000000000000 ) ) ;
#855 = ORIENTED_EDGE ( 'NONE', *, *, #779, .T. ) ;
#856 = CARTESIAN_POINT ( 'NONE',  ( -30.81676700649820333, 8.621303339240785846, 3.500000000000000000 ) ) ;
#857 = EDGE_CURVE ( 'NONE', #1434, #87, #1251, .T. ) ;
#858 = CARTESIAN_POINT ( 'NONE',  ( 35.34999999999999432, -1.291848095371959215E-13, 0.000000000000000000 ) ) ;
#859 = CARTESIAN_POINT ( 'NONE',  ( 60.00000000000000000, -66.00000000000000000, 0.000000000000000000 ) ) ;
#860 = EDGE_CURVE ( 'NONE', #1457, #1485, #655, .T. ) ;
#861 = ORIENTED_EDGE ( 'NONE', *, *, #28, .T. ) ;
#862 = DIRECTION ( 'NONE',  ( -1.000000000000000000, 0.000000000000000000, 0.000000000000000000 ) ) ;
#863 = AXIS2_PLACEMENT_3D ( 'NONE', #438, #1171, #236 ) ;
#864 = EDGE_LOOP ( 'NONE', ( #1322, #1483, #1295, #454, #464, #976 ) ) ;
#865 = DIRECTION ( 'NONE',  ( 0.000000000000000000, 0.000000000000000000, -1.000000000000000000 ) ) ;
#866 = DIRECTION ( 'NONE',  ( -0.9630239689530686320, 0.2694157293512744467, 0.000000000000000000 ) ) ;
#867 = LINE ( 'NONE', #967, #14 ) ;
#868 = EDGE_CURVE ( 'NONE', #1250, #1156, #915, .T. ) ;
#869 = EDGE_LOOP ( 'NONE', ( #290, #1387 ) ) ;
#870 = FACE_BOUND ( 'NONE', #238, .T. ) ;
#871 = ORIENTED_EDGE ( 'NONE', *, *, #539, .T. ) ;
#872 = CARTESIAN_POINT ( 'NONE',  ( -50.29403322440888502, -61.00000000000000000, 25.00000000000000000 ) ) ;
#873 = VECTOR ( 'NONE', #938, 1000.000000000000000 ) ;
#874 = FACE_OUTER_BOUND ( 'NONE', #1165, .T. ) ;
#875 = CARTESIAN_POINT ( 'NONE',  ( 39.83635605155191683, -5.396311824297138848, 7.529849301701347031 ) ) ;
#876 = ORIENTED_EDGE ( 'NONE', *, *, #539, .F. ) ;
#877 = ORIENTED_EDGE ( 'NONE', *, *, #1016, .T. ) ;
#878 = CARTESIAN_POINT ( 'NONE',  ( 26.16295090390230627, 26.16295090390221745, 0.000000000000000000 ) ) ;
#879 = COORDINATED_UNIVERSAL_TIME_OFFSET ( 8, 0, .AHEAD. ) ;
#880 = DIRECTION ( 'NONE',  ( 1.000000000000000000, 0.000000000000000000, 0.000000000000000000 ) ) ;
#881 = CARTESIAN_POINT ( 'NONE',  ( 0.000000000000000000, -70.00000000000000000, 25.00000000000000000 ) ) ;
#882 = AXIS2_PLACEMENT_3D ( 'NONE', #595, #348, #373 ) ;
#883 = ORIENTED_EDGE ( 'NONE', *, *, #84, .T. ) ;
#884 = CC_DESIGN_PERSON_AND_ORGANIZATION_ASSIGNMENT ( #1489, #542, ( #1145 ) ) ;
#885 = ORIENTED_EDGE ( 'NONE', *, *, #980, .T. ) ;
#886 = FACE_OUTER_BOUND ( 'NONE', #1011, .T. ) ;
#887 = ADVANCED_FACE ( 'NONE', ( #480 ), #1040, .F. ) ;
#888 = CIRCLE ( 'NONE', #1332, 5.000000000000000000 ) ;
#889 = DIRECTION ( 'NONE',  ( -0.000000000000000000, -0.000000000000000000, -1.000000000000000000 ) ) ;
#890 = ORIENTED_EDGE ( 'NONE', *, *, #1327, .F. ) ;
#891 = ORIENTED_EDGE ( 'NONE', *, *, #249, .F. ) ;
#892 = CYLINDRICAL_SURFACE ( 'NONE', #1500, 1.650000000000002132 ) ;
#893 = CALENDAR_DATE ( 2026, 11, 6 ) ;
#894 = VECTOR ( 'NONE', #524, 1000.000000000000000 ) ;
#895 = ADVANCED_FACE ( 'NONE', ( #1394 ), #1520, .F. ) ;
#896 = VECTOR ( 'NONE', #508, 1000.000000000000000 ) ;
#897 = ORIENTED_EDGE ( 'NONE', *, *, #1059, .T. ) ;
#898 = VECTOR ( 'NONE', #814, 1000.000000000000000 ) ;
#899 = ORIENTED_EDGE ( 'NONE', *, *, #306, .F. ) ;
#900 = CYLINDRICAL_SURFACE ( 'NONE', #228, 5.000000000000000888 ) ;
#901 = MECHANICAL_CONTEXT ( 'NONE', #1247, 'mechanical' ) ;
#902 = ADVANCED_FACE ( 'NONE', ( #805 ), #830, .F. ) ;
#903 = ADVANCED_FACE ( 'NONE', ( #1542 ), #1302, .T. ) ;
#904 = ORIENTED_EDGE ( 'NONE', *, *, #511, .F. ) ;
#905 = CIRCLE ( 'NONE', #1143, 1.649999999999998579 ) ;
#906 = FACE_OUTER_BOUND ( 'NONE', #1324, .T. ) ;
#907 = EDGE_LOOP ( 'NONE', ( #473, #1275 ) ) ;
#908 = CYLINDRICAL_SURFACE ( 'NONE', #39, 27.50000000000000000 ) ;
#909 = DIRECTION ( 'NONE',  ( -0.000000000000000000, -0.000000000000000000, -1.000000000000000000 ) ) ;
#910 = DATE_AND_TIME ( #893, #1076 ) ;
#911 = CARTESIAN_POINT ( 'NONE',  ( 37.37215607540640860, -14.81087270472148099, 3.500000000000000000 ) ) ;
#912 = EDGE_CURVE ( 'NONE', #1062, #188, #1404, .T. ) ;
#913 = FACE_BOUND ( 'NONE', #497, .T. ) ;
#914 = ORIENTED_EDGE ( 'NONE', *, *, #548, .T. ) ;
#915 = LINE ( 'NONE', #323, #631 ) ;
#916 = DIRECTION ( 'NONE',  ( -0.000000000000000000, 0.000000000000000000, 1.000000000000000000 ) ) ;
#917 = DIRECTION ( 'NONE',  ( -0.000000000000000000, -0.000000000000000000, -1.000000000000000000 ) ) ;
#918 = FACE_OUTER_BOUND ( 'NONE', #1451, .T. ) ;
#919 = ORIENTED_EDGE ( 'NONE', *, *, #748, .F. ) ;
#920 = DIRECTION ( 'NONE',  ( -0.000000000000000000, -0.000000000000000000, -1.000000000000000000 ) ) ;
#921 =( BOUNDED_CURVE ( )  B_SPLINE_CURVE ( 3, ( #712, #1298, #588, #452 ),
 .UNSPECIFIED., .F., .T. ) 
 B_SPLINE_CURVE_WITH_KNOTS ( ( 4, 4 ),
 ( 4.712388980384689674, 4.885382920075096891 ),
 .UNSPECIFIED. ) 
 CURVE ( )  GEOMETRIC_REPRESENTATION_ITEM ( )  RATIONAL_B_SPLINE_CURVE ( ( 1.000000000000000000, 0.9975076459098308757, 0.9975076459098308757, 1.000000000000000000 ) ) 
 REPRESENTATION_ITEM ( '' )  );
#922 = ORIENTED_EDGE ( 'NONE', *, *, #745, .F. ) ;
#923 = CARTESIAN_POINT ( 'NONE',  ( 39.51305503090807747, -7.410388515938810983, 5.558089681978641394 ) ) ;
#924 = DIRECTION ( 'NONE',  ( -0.000000000000000000, 0.000000000000000000, 1.000000000000000000 ) ) ;
#925 = CARTESIAN_POINT ( 'NONE',  ( -0.000000000000000000, -70.00000000000000000, 0.000000000000000000 ) ) ;
#926 = CARTESIAN_POINT ( 'NONE',  ( -38.52095875812274528, 10.77662917405097787, 3.499999999999999556 ) ) ;
#927 = VERTEX_POINT ( 'NONE', #1166 ) ;
#928 = DIRECTION ( 'NONE',  ( -0.000000000000000000, 0.000000000000000000, 1.000000000000000000 ) ) ;
#929 = EDGE_LOOP ( 'NONE', ( #285, #1073, #322, #1057, #1258 ) ) ;
#930 = FACE_OUTER_BOUND ( 'NONE', #1375, .T. ) ;
#931 = EDGE_CURVE ( 'NONE', #1318, #280, #1093, .T. ) ;
#932 = VECTOR ( 'NONE', #1511, 1000.000000000000000 ) ;
#933 = CARTESIAN_POINT ( 'NONE',  ( -1.650000000000257261, -37.00000000000000000, 3.500000000000000000 ) ) ;
#934 = CARTESIAN_POINT ( 'NONE',  ( -50.29403322440889923, -66.00000000000000000, 25.00000000000000000 ) ) ;
#935 = VERTEX_POINT ( 'NONE', #583 ) ;
#936 = CARTESIAN_POINT ( 'NONE',  ( 55.29403322440887081, -61.00000000000000711, 25.00000000000000000 ) ) ;
#937 = ORIENTED_EDGE ( 'NONE', *, *, #66, .T. ) ;
#938 = DIRECTION ( 'NONE',  ( 0.000000000000000000, 1.000000000000000000, -0.000000000000000000 ) ) ;
#939 = EDGE_CURVE ( 'NONE', #589, #457, #34, .T. ) ;
#940 = DIRECTION ( 'NONE',  ( -1.000000000000000000, 0.000000000000000000, 0.000000000000000000 ) ) ;
#941 = AXIS2_PLACEMENT_3D ( 'NONE', #263, #1344, #411 ) ;
#942 = AXIS2_PLACEMENT_3D ( 'NONE', #1081, #847, #862 ) ;
#943 = EDGE_LOOP ( 'NONE', ( #1104, #52 ) ) ;
#944 = DIRECTION ( 'NONE',  ( -0.000000000000000000, -0.000000000000000000, -1.000000000000000000 ) ) ;
#945 = EDGE_LOOP ( 'NONE', ( #492, #531, #1519, #1359, #836, #136 ) ) ;
#946 = LINE ( 'NONE', #965, #797 ) ;
#947 = CARTESIAN_POINT ( 'NONE',  ( -56.88481273912488234, -66.00000000000000000, 8.500000000000000000 ) ) ;
#948 = CARTESIAN_POINT ( 'NONE',  ( -55.10915306917422640, -59.65292135324364153, 25.00000000000000000 ) ) ;
#949 = EDGE_CURVE ( 'NONE', #1232, #780, #330, .T. ) ;
#950 = VERTEX_POINT ( 'NONE', #1173 ) ;
#951 = DIRECTION ( 'NONE',  ( 0.000000000000000000, 0.2696595113553819645, 0.9629557351901367745 ) ) ;
#952 = VECTOR ( 'NONE', #124, 1000.000000000000000 ) ;
#953 = ORIENTED_EDGE ( 'NONE', *, *, #548, .F. ) ;
#954 = DIRECTION ( 'NONE',  ( -0.000000000000000000, 0.000000000000000000, 1.000000000000000000 ) ) ;
#955 = AXIS2_PLACEMENT_3D ( 'NONE', #252, #513, #1448 ) ;
#956 = AXIS2_PLACEMENT_3D ( 'NONE', #355, #1060, #702 ) ;
#957 = CARTESIAN_POINT ( 'NONE',  ( 38.64999999999999147, -1.289827428153366123E-13, 0.000000000000000000 ) ) ;
#958 = LINE ( 'NONE', #86, #1180 ) ;
#959 = DIRECTION ( 'NONE',  ( -0.000000000000000000, -0.000000000000000000, -1.000000000000000000 ) ) ;
#960 = EDGE_LOOP ( 'NONE', ( #1406, #1055, #546 ) ) ;
#961 = FACE_OUTER_BOUND ( 'NONE', #731, .T. ) ;
#962 = CIRCLE ( 'NONE', #1151, 27.50000000000000000 ) ;
#963 = AXIS2_PLACEMENT_3D ( 'NONE', #768, #1233, #301 ) ;
#964 = VERTEX_POINT ( 'NONE', #837 ) ;
#965 = CARTESIAN_POINT ( 'NONE',  ( 38.52095875812275239, 10.77662917405097076, 25.00000000000000000 ) ) ;
#966 = DIRECTION ( 'NONE',  ( 1.000000000000000000, 0.000000000000000000, 0.000000000000000000 ) ) ;
#967 = CARTESIAN_POINT ( 'NONE',  ( -40.20000000000000284, 0.000000000000000000, 93.50000000000001421 ) ) ;
#968 = ORIENTED_EDGE ( 'NONE', *, *, #1410, .F. ) ;
#969 = DIRECTION ( 'NONE',  ( -0.000000000000000000, -0.000000000000000000, -1.000000000000000000 ) ) ;
#970 = EDGE_CURVE ( 'NONE', #790, #1337, #275, .T. ) ;
#971 = ORIENTED_EDGE ( 'NONE', *, *, #193, .F. ) ;
#972 = DIRECTION ( 'NONE',  ( -1.000000000000000000, 0.000000000000000000, 0.000000000000000000 ) ) ;
#973 = AXIS2_PLACEMENT_3D ( 'NONE', #88, #1006, #418 ) ;
#974 = DIRECTION ( 'NONE',  ( 0.000000000000000000, 1.000000000000000000, 0.000000000000000000 ) ) ;
#975 = LINE ( 'NONE', #375, #1487 ) ;
#976 = ORIENTED_EDGE ( 'NONE', *, *, #1122, .F. ) ;
#977 = FACE_OUTER_BOUND ( 'NONE', #960, .T. ) ;
#978 = VERTEX_POINT ( 'NONE', #721 ) ;
#979 = DIRECTION ( 'NONE',  ( -0.000000000000000000, 0.000000000000000000, 1.000000000000000000 ) ) ;
#980 = EDGE_CURVE ( 'NONE', #329, #670, #1035, .T. ) ;
#981 = CARTESIAN_POINT ( 'NONE',  ( 27.50000000000000000, 3.367778697655221307E-15, 0.000000000000000000 ) ) ;
#982 = CARTESIAN_POINT ( 'NONE',  ( 0.000000000000000000, 0.000000000000000000, 0.000000000000000000 ) ) ;
#983 = ORIENTED_EDGE ( 'NONE', *, *, #624, .F. ) ;
#984 = DIRECTION ( 'NONE',  ( -0.000000000000000000, 0.000000000000000000, 1.000000000000000000 ) ) ;
#985 = ORIENTED_EDGE ( 'NONE', *, *, #1264, .F. ) ;
#986 = DIRECTION ( 'NONE',  ( -1.000000000000000000, 0.000000000000000000, 0.000000000000000000 ) ) ;
#987 = AXIS2_PLACEMENT_3D ( 'NONE', #173, #1240, #995 ) ;
#988 = DIRECTION ( 'NONE',  ( 1.000000000000000000, 0.000000000000000000, 0.000000000000000000 ) ) ;
#989 = ORIENTED_EDGE ( 'NONE', *, *, #1473, .T. ) ;
#990 = CARTESIAN_POINT ( 'NONE',  ( 35.63188685126354471, 9.968381985997146089, 25.00000000000000000 ) ) ;
#991 = ORIENTED_EDGE ( 'NONE', *, *, #1177, .T. ) ;
#992 = FACE_OUTER_BOUND ( 'NONE', #1046, .T. ) ;
#993 = DATE_AND_TIME ( #783, #148 ) ;
#994 = AXIS2_PLACEMENT_3D ( 'NONE', #114, #954, #585 ) ;
#995 = DIRECTION ( 'NONE',  ( 1.000000000000000000, 0.000000000000000000, 0.000000000000000000 ) ) ;
#996 = FACE_OUTER_BOUND ( 'NONE', #300, .T. ) ;
#997 = EDGE_LOOP ( 'NONE', ( #871, #792, #271, #577 ) ) ;
#998 = EDGE_CURVE ( 'NONE', #310, #94, #103, .T. ) ;
#999 = ORIENTED_EDGE ( 'NONE', *, *, #1454, .T. ) ;
#1000 = FACE_OUTER_BOUND ( 'NONE', #25, .T. ) ;
#1001 = SECURITY_CLASSIFICATION_LEVEL ( 'unclassified' ) ;
#1002 = DIRECTION ( 'NONE',  ( -0.000000000000000000, -0.000000000000000000, -1.000000000000000000 ) ) ;
#1003 = FACE_OUTER_BOUND ( 'NONE', #570, .T. ) ;
#1004 = LINE ( 'NONE', #1249, #1405 ) ;
#1005 = VERTEX_POINT ( 'NONE', #1526 ) ;
#1006 = DIRECTION ( 'NONE',  ( 0.000000000000000000, 0.000000000000000000, -1.000000000000000000 ) ) ;
#1007 = EDGE_CURVE ( 'NONE', #1277, #1250, #1160, .T. ) ;
#1008 = CLOSED_SHELL ( 'NONE', ( #645, #692, #1205, #1537, #594, #675, #112, #1225, #292, #314, #1389, #424, #1461, #15, #1303, #501, #1310, #1510, #1446, #396, #903, #1116, #887, #456, #715, #1517, #529, #895, #563, #279, #1341, #828, #850, #1048, #784, #1141, #842, #615, #791, #902, #1503, #431, #818, #1092, #466 ) ) ;
#1009 = APPROVAL_STATUS ( 'not_yet_approved' ) ;
#1010 = AXIS2_PLACEMENT_3D ( 'NONE', #567, #1033, #844 ) ;
#1011 = EDGE_LOOP ( 'NONE', ( #618, #1181, #687, #1374 ) ) ;
#1012 = EDGE_LOOP ( 'NONE', ( #575, #641, #1459, #1505 ) ) ;
#1013 = DIRECTION ( 'NONE',  ( -1.000000000000000000, 0.000000000000000000, 0.000000000000000000 ) ) ;
#1014 = VECTOR ( 'NONE', #560, 1000.000000000000000 ) ;
#1015 = AXIS2_PLACEMENT_3D ( 'NONE', #1450, #633, #1323 ) ;
#1016 = EDGE_CURVE ( 'NONE', #153, #780, #1288, .T. ) ;
#1017 = ORIENTED_EDGE ( 'NONE', *, *, #602, .T. ) ;
#1018 = AXIS2_PLACEMENT_3D ( 'NONE', #246, #698, #111 ) ;
#1019 = ORIENTED_EDGE ( 'NONE', *, *, #387, .F. ) ;
#1020 = DIRECTION ( 'NONE',  ( 0.2601228066757952928, 0.9298065050000065002, -0.2603766285724961604 ) ) ;
#1021 = ORIENTED_EDGE ( 'NONE', *, *, #1031, .T. ) ;
#1022 = EDGE_CURVE ( 'NONE', #490, #607, #463, .T. ) ;
#1023 = CARTESIAN_POINT ( 'NONE',  ( -53.22296541254341662, -65.99999999999997158, 25.00000000000000355 ) ) ;
#1024 = AXIS2_PLACEMENT_3D ( 'NONE', #764, #1231, #174 ) ;
#1025 = LOCAL_TIME ( 15, 13, 10.00000000000000000, #778 ) ;
#1026 = DIRECTION ( 'NONE',  ( -0.000000000000000000, -0.000000000000000000, -1.000000000000000000 ) ) ;
#1027 = ORIENTED_EDGE ( 'NONE', *, *, #1271, .F. ) ;
#1028 = DIRECTION ( 'NONE',  ( 0.2694157293512743911, 0.9630239689530685210, 0.000000000000000000 ) ) ;
#1029 = DIRECTION ( 'NONE',  ( -0.000000000000000000, 0.000000000000000000, 1.000000000000000000 ) ) ;
#1030 = AXIS2_PLACEMENT_3D ( 'NONE', #381, #852, #274 ) ;
#1031 = EDGE_CURVE ( 'NONE', #385, #1262, #502, .T. ) ;
#1032 = DIRECTION ( 'NONE',  ( -0.000000000000000000, -0.000000000000000000, -1.000000000000000000 ) ) ;
#1033 = DIRECTION ( 'NONE',  ( -0.000000000000000000, 0.000000000000000000, 1.000000000000000000 ) ) ;
#1034 = VERTEX_POINT ( 'NONE', #822 ) ;
#1035 = LINE ( 'NONE', #688, #1217 ) ;
#1036 = EDGE_LOOP ( 'NONE', ( #983, #883, #1206, #815, #699, #1021, #440, #1413 ) ) ;
#1037 = CARTESIAN_POINT ( 'NONE',  ( 39.73406123440437909, -6.104930756955631921, 6.579007379196152527 ) ) ;
#1038 = DIRECTION ( 'NONE',  ( 1.000000000000000000, -0.000000000000000000, 0.000000000000000000 ) ) ;
#1039 = ORIENTED_EDGE ( 'NONE', *, *, #794, .T. ) ;
#1040 = CYLINDRICAL_SURFACE ( 'NONE', #1018, 1.649999999999999689 ) ;
#1041 = EDGE_CURVE ( 'NONE', #716, #1209, #353, .T. ) ;
#1042 = EDGE_LOOP ( 'NONE', ( #378, #1090, #192 ) ) ;
#1043 = CARTESIAN_POINT ( 'NONE',  ( 55.29403322440886370, -60.54394087162974358, 23.47212266907379075 ) ) ;
#1044 = DIRECTION ( 'NONE',  ( 1.000000000000000000, 0.000000000000000000, 0.000000000000000000 ) ) ;
#1045 = FACE_OUTER_BOUND ( 'NONE', #417, .T. ) ;
#1046 = EDGE_LOOP ( 'NONE', ( #29, #625, #159, #1138 ) ) ;
#1047 = CARTESIAN_POINT ( 'NONE',  ( 26.16295090390230627, 26.16295090390221745, 3.500000000000000000 ) ) ;
#1048 = ADVANCED_FACE ( 'NONE', ( #400 ), #642, .F. ) ;
#1049 = VERTEX_POINT ( 'NONE', #1317 ) ;
#1050 = UNCERTAINTY_MEASURE_WITH_UNIT (LENGTH_MEASURE( 1.000000000000000082E-05 ), #1502, 'distance_accuracy_value', 'NONE');
#1051 = CARTESIAN_POINT ( 'NONE',  ( -55.29403322440887791, -61.00000000000000000, 25.00000000000000000 ) ) ;
#1052 = FACE_OUTER_BOUND ( 'NONE', #1234, .T. ) ;
#1053 = CARTESIAN_POINT ( 'NONE',  ( -27.50000000000000000, 0.000000000000000000, 3.500000000000000000 ) ) ;
#1054 = CIRCLE ( 'NONE', #494, 27.50000000000000000 ) ;
#1055 = ORIENTED_EDGE ( 'NONE', *, *, #1100, .F. ) ;
#1056 = DIRECTION ( 'NONE',  ( -0.000000000000000000, 0.000000000000000000, 1.000000000000000000 ) ) ;
#1057 = ORIENTED_EDGE ( 'NONE', *, *, #1352, .F. ) ;
#1058 = DIRECTION ( 'NONE',  ( -0.2694157293512743356, 0.9630239689530686320, 0.000000000000000000 ) ) ;
#1059 = EDGE_CURVE ( 'NONE', #1123, #428, #1370, .T. ) ;
#1060 = DIRECTION ( 'NONE',  ( -0.000000000000000000, 0.000000000000000000, 1.000000000000000000 ) ) ;
#1061 = DIRECTION ( 'NONE',  ( -0.000000000000000000, -0.000000000000000000, -1.000000000000000000 ) ) ;
#1062 = VERTEX_POINT ( 'NONE', #1331 ) ;
#1063 = CARTESIAN_POINT ( 'NONE',  ( -50.29403322440888502, -66.00000000000000000, 25.00000000000000000 ) ) ;
#1064 = CIRCLE ( 'NONE', #1215, 4.999999999999999112 ) ;
#1065 = ORIENTED_EDGE ( 'NONE', *, *, #586, .T. ) ;
#1066 = CARTESIAN_POINT ( 'NONE',  ( 0.000000000000000000, -66.00000000000000000, 25.00000000000000000 ) ) ;
#1067 = CARTESIAN_POINT ( 'NONE',  ( -24.51295090390246756, -26.16295090390202560, 3.500000000000000000 ) ) ;
#1068 = CARTESIAN_POINT ( 'NONE',  ( -39.78121300820596673, -5.789737996726921132, 6.928662455913633167 ) ) ;
#1069 = CARTESIAN_POINT ( 'NONE',  ( 1.649999999999740119, -37.00000000000000000, 3.500000000000000000 ) ) ;
#1070 = VERTEX_POINT ( 'NONE', #730 ) ;
#1071 = CARTESIAN_POINT ( 'NONE',  ( -39.59996791330120658, 6.919721184087904042, 3.500000000000000000 ) ) ;
#1072 = AXIS2_PLACEMENT_3D ( 'NONE', #810, #1282, #219 ) ;
#1073 = ORIENTED_EDGE ( 'NONE', *, *, #171, .F. ) ;
#1074 = DIRECTION ( 'NONE',  ( 0.000000000000000000, 1.000000000000000000, 0.000000000000000000 ) ) ;
#1075 = CIRCLE ( 'NONE', #882, 1.649999999999999689 ) ;
#1076 = LOCAL_TIME ( 15, 13, 10.00000000000000000, #425 ) ;
#1077 = DIRECTION ( 'NONE',  ( -1.000000000000000000, 0.000000000000000000, 0.000000000000000000 ) ) ;
#1078 = CARTESIAN_POINT ( 'NONE',  ( -39.83644633310045435, -5.395641066901712080, 7.531219629139539684 ) ) ;
#1079 = PLANE ( 'NONE',  #372 ) ;
#1080 = VERTEX_POINT ( 'NONE', #1214 ) ;
#1081 = CARTESIAN_POINT ( 'NONE',  ( -26.16295090390194034, 26.16295090390257627, 25.00000000000000000 ) ) ;
#1082 = ORIENTED_EDGE ( 'NONE', *, *, #912, .T. ) ;
#1083 = DIRECTION ( 'NONE',  ( 0.000000000000000000, 0.000000000000000000, -1.000000000000000000 ) ) ;
#1084 = CARTESIAN_POINT ( 'NONE',  ( -37.72598481100357759, -13.91805949956278532, 3.499999999999817479 ) ) ;
#1085 = DIRECTION ( 'NONE',  ( -0.000000000000000000, -0.000000000000000000, 1.000000000000000000 ) ) ;
#1086 = ORIENTED_EDGE ( 'NONE', *, *, #808, .F. ) ;
#1087 = FACE_BOUND ( 'NONE', #584, .T. ) ;
#1088 = VECTOR ( 'NONE', #1269, 1000.000000000000000 ) ;
#1089 = AXIS2_PLACEMENT_3D ( 'NONE', #377, #1224, #1105 ) ;
#1090 = ORIENTED_EDGE ( 'NONE', *, *, #207, .T. ) ;
#1091 = CARTESIAN_POINT ( 'NONE',  ( 27.50000000000000000, 3.367778697655221307E-15, 3.500000000000000000 ) ) ;
#1092 = ADVANCED_FACE ( 'NONE', ( #977 ), #254, .F. ) ;
#1093 = CIRCLE ( 'NONE', #351, 1.649999999999998579 ) ;
#1094 = DIRECTION ( 'NONE',  ( -0.000000000000000000, 0.000000000000000000, 1.000000000000000000 ) ) ;
#1095 = CARTESIAN_POINT ( 'NONE',  ( 55.10915306917421930, -59.65292135324364153, 23.22260768187797098 ) ) ;
#1096 = VERTEX_POINT ( 'NONE', #1071 ) ;
#1097 = CARTESIAN_POINT ( 'NONE',  ( 27.81295090390212010, -26.16295090390239864, 3.500000000000000000 ) ) ;
#1098 = ORIENTED_EDGE ( 'NONE', *, *, #306, .T. ) ;
#1099 = CARTESIAN_POINT ( 'NONE',  ( -39.59996791330120658, 6.919721184087904930, 93.50000000000001421 ) ) ;
#1100 = EDGE_CURVE ( 'NONE', #1062, #1491, #551, .T. ) ;
#1101 = AXIS2_PLACEMENT_3D ( 'NONE', #1103, #284, #201 ) ;
#1102 = DIRECTION ( 'NONE',  ( 0.000000000000000000, 0.000000000000000000, -1.000000000000000000 ) ) ;
#1103 = CARTESIAN_POINT ( 'NONE',  ( 116.0000000000000426, -66.00000000000000000, 25.00000000000000000 ) ) ;
#1104 = ORIENTED_EDGE ( 'NONE', *, *, #1239, .F. ) ;
#1105 = DIRECTION ( 'NONE',  ( -1.000000000000000000, 0.000000000000000000, 0.000000000000000000 ) ) ;
#1106 = ORIENTED_EDGE ( 'NONE', *, *, #1256, .F. ) ;
#1107 = DIRECTION ( 'NONE',  ( -1.000000000000000000, 0.000000000000000000, 0.000000000000000000 ) ) ;
#1108 = CARTESIAN_POINT ( 'NONE',  ( -1.649999999999999689, 37.00000000000000000, 25.00000000000000000 ) ) ;
#1109 = EDGE_CURVE ( 'NONE', #1543, #1425, #44, .T. ) ;
#1110 = CYLINDRICAL_SURFACE ( 'NONE', #543, 1.649999999999998579 ) ;
#1111 = VERTEX_POINT ( 'NONE', #491 ) ;
#1112 = DIRECTION ( 'NONE',  ( 1.000000000000000000, 0.000000000000000000, 0.000000000000000000 ) ) ;
#1113 = PERSON_AND_ORGANIZATION ( #536, #1409 ) ;
#1114 = LINE ( 'NONE', #180, #1538 ) ;
#1115 = CARTESIAN_POINT ( 'NONE',  ( 39.85761032379323154, -5.235541927694982611, 7.983938437921075604 ) ) ;
#1116 = ADVANCED_FACE ( 'NONE', ( #961 ), #617, .F. ) ;
#1117 = DIRECTION ( 'NONE',  ( -0.000000000000000000, -0.000000000000000000, -1.000000000000000000 ) ) ;
#1118 = EDGE_LOOP ( 'NONE', ( #914, #697, #749, #899 ) ) ;
#1119 = DIRECTION ( 'NONE',  ( 1.000000000000000000, 0.000000000000000000, 0.000000000000000000 ) ) ;
#1120 = DATE_TIME_ROLE ( 'classification_date' ) ;
#1121 = DIRECTION ( 'NONE',  ( -0.000000000000000000, 0.000000000000000000, 1.000000000000000000 ) ) ;
#1122 = EDGE_CURVE ( 'NONE', #255, #1434, #27, .T. ) ;
#1123 = VERTEX_POINT ( 'NONE', #384 ) ;
#1124 = FACE_OUTER_BOUND ( 'NONE', #97, .T. ) ;
#1125 = EDGE_CURVE ( 'NONE', #428, #1123, #610, .T. ) ;
#1126 = COORDINATED_UNIVERSAL_TIME_OFFSET ( 8, 0, .AHEAD. ) ;
#1127 = AXIS2_PLACEMENT_3D ( 'NONE', #1346, #1002, #55 ) ;
#1128 = VERTEX_POINT ( 'NONE', #623 ) ;
#1129 = EDGE_LOOP ( 'NONE', ( #853, #376 ) ) ;
#1130 = DIRECTION ( 'NONE',  ( -0.000000000000000000, 0.000000000000000000, 1.000000000000000000 ) ) ;
#1131 = EDGE_CURVE ( 'NONE', #120, #87, #36, .T. ) ;
#1132 = APPLICATION_PROTOCOL_DEFINITION ( 'international standard', 'config_control_design', 1994, #1247 ) ;
#1133 = VECTOR ( 'NONE', #1452, 1000.000000000000114 ) ;
#1134 = AXIS2_PLACEMENT_3D ( 'NONE', #1047, #1056, #598 ) ;
#1135 = VECTOR ( 'NONE', #532, 1000.000000000000000 ) ;
#1136 = ORIENTED_EDGE ( 'NONE', *, *, #1228, .T. ) ;
#1137 = CARTESIAN_POINT ( 'NONE',  ( -26.16295090390194034, 26.16295090390257627, 25.00000000000000000 ) ) ;
#1138 = ORIENTED_EDGE ( 'NONE', *, *, #1228, .F. ) ;
#1139 = FACE_OUTER_BOUND ( 'NONE', #758, .T. ) ;
#1140 = DIRECTION ( 'NONE',  ( 1.000000000000000000, 0.000000000000000000, 0.000000000000000000 ) ) ;
#1141 = ADVANCED_FACE ( 'NONE', ( #151, #1087, #1458, #392, #1467, #870, #270, #1339, #278, #757 ), #250, .T. ) ;
#1142 = LINE ( 'NONE', #116, #1429 ) ;
#1143 = AXIS2_PLACEMENT_3D ( 'NONE', #1522, #332, #801 ) ;
#1144 = AXIS2_PLACEMENT_3D ( 'NONE', #1400, #924, #1306 ) ;
#1145 = SECURITY_CLASSIFICATION ( '', '', #1001 ) ;
#1146 = FACE_OUTER_BOUND ( 'NONE', #616, .T. ) ;
#1147 = ORIENTED_EDGE ( 'NONE', *, *, #218, .T. ) ;
#1148 = CARTESIAN_POINT ( 'NONE',  ( 30.81676700649819622, 8.621303339240775188, 8.500000000000000000 ) ) ;
#1149 = CARTESIAN_POINT ( 'NONE',  ( 39.61633939271778360, -6.828213315295535324, 5.963572771528048655 ) ) ;
#1150 = CC_DESIGN_PERSON_AND_ORGANIZATION_ASSIGNMENT ( #178, #650, ( #1383 ) ) ;
#1151 = AXIS2_PLACEMENT_3D ( 'NONE', #845, #719, #728 ) ;
#1152 = AXIS2_PLACEMENT_3D ( 'NONE', #843, #115, #1313 ) ;
#1153 = ADVANCED_BREP_SHAPE_REPRESENTATION ( '\X2\7535673a56fa5b9a\X0\', ( #6, #811 ), #1468 ) ;
#1154 = EDGE_CURVE ( 'NONE', #499, #313, #485, .T. ) ;
#1155 = DIRECTION ( 'NONE',  ( -0.000000000000000000, 0.000000000000000000, 1.000000000000000000 ) ) ;
#1156 = VERTEX_POINT ( 'NONE', #957 ) ;
#1157 = DIRECTION ( 'NONE',  ( -0.2601228066757951818, 0.9298065050000065002, -0.2603766285724961604 ) ) ;
#1158 = ORIENTED_EDGE ( 'NONE', *, *, #48, .F. ) ;
#1159 = DIRECTION ( 'NONE',  ( -0.000000000000000000, 0.000000000000000000, 1.000000000000000000 ) ) ;
#1160 = CIRCLE ( 'NONE', #503, 1.649999999999998579 ) ;
#1161 = CARTESIAN_POINT ( 'NONE',  ( 39.85761032379323154, -5.235541927694982611, 7.983938437921075604 ) ) ;
#1162 = DIRECTION ( 'NONE',  ( 0.000000000000000000, 1.000000000000000000, -0.000000000000000000 ) ) ;
#1163 = EDGE_CURVE ( 'NONE', #188, #316, #336, .T. ) ;
#1164 = CARTESIAN_POINT ( 'NONE',  ( -39.43379311588769554, -7.822852555839456379, 5.318578070075044906 ) ) ;
#1165 = EDGE_LOOP ( 'NONE', ( #72, #434, #67, #1444 ) ) ;
#1166 = CARTESIAN_POINT ( 'NONE',  ( -1.650000000000257261, -37.00000000000000000, 0.000000000000000000 ) ) ;
#1167 = AXIS2_PLACEMENT_3D ( 'NONE', #787, #1130, #68 ) ;
#1168 = ORIENTED_EDGE ( 'NONE', *, *, #369, .T. ) ;
#1169 = DIRECTION ( 'NONE',  ( -1.000000000000000000, 0.000000000000000000, 0.000000000000000000 ) ) ;
#1170 = CARTESIAN_POINT ( 'NONE',  ( -2.583696190743918430E-13, -37.00000000000000000, 0.000000000000000000 ) ) ;
#1171 = DIRECTION ( 'NONE',  ( -0.000000000000000000, 0.000000000000000000, 1.000000000000000000 ) ) ;
#1172 = ORIENTED_EDGE ( 'NONE', *, *, #1271, .T. ) ;
#1173 = CARTESIAN_POINT ( 'NONE',  ( -39.59996791330118526, 6.919721184087976873, 4.580062027680561698 ) ) ;
#1174 = EDGE_CURVE ( 'NONE', #790, #1062, #718, .T. ) ;
#1175 = ORIENTED_EDGE ( 'NONE', *, *, #489, .T. ) ;
#1176 = LINE ( 'NONE', #1051, #82 ) ;
#1177 = EDGE_CURVE ( 'NONE', #1096, #729, #143, .T. ) ;
#1178 = CARTESIAN_POINT ( 'NONE',  ( 35.34999999999999432, -1.291848095371959215E-13, 25.00000000000000000 ) ) ;
#1179 = DIRECTION ( 'NONE',  ( -1.000000000000000000, 0.000000000000000000, 0.000000000000000000 ) ) ;
#1180 = VECTOR ( 'NONE', #1038, 1000.000000000000000 ) ;
#1181 = ORIENTED_EDGE ( 'NONE', *, *, #182, .T. ) ;
#1182 = CARTESIAN_POINT ( 'NONE',  ( -40.20000000000000284, 0.000000000000000000, 6.517813229555121879 ) ) ;
#1183 = PRODUCT_DEFINITION ( 'æœ', '', #1383, #345 ) ;
#1184 = EDGE_LOOP ( 'NONE', ( #247, #134 ) ) ;
#1185 = DIRECTION ( 'NONE',  ( -0.000000000000000000, -0.000000000000000000, -1.000000000000000000 ) ) ;
#1186 = EDGE_CURVE ( 'NONE', #670, #1393, #657, .T. ) ;
#1187 = CARTESIAN_POINT ( 'NONE',  ( -26.16295090390194034, 26.16295090390257627, 0.000000000000000000 ) ) ;
#1188 = LINE ( 'NONE', #13, #765 ) ;
#1189 = EDGE_LOOP ( 'NONE', ( #919, #117, #1017, #1065, #110, #1213 ) ) ;
#1190 = DIRECTION ( 'NONE',  ( 0.000000000000000000, 0.000000000000000000, 1.000000000000000000 ) ) ;
#1191 = VECTOR ( 'NONE', #248, 1000.000000000000114 ) ;
#1192 = ORIENTED_EDGE ( 'NONE', *, *, #668, .F. ) ;
#1193 = DIRECTION ( 'NONE',  ( -0.000000000000000000, -0.000000000000000000, -1.000000000000000000 ) ) ;
#1194 = EDGE_CURVE ( 'NONE', #1469, #462, #16, .T. ) ;
#1195 = CARTESIAN_POINT ( 'NONE',  ( 35.34999999999999432, -1.291848095371959215E-13, 3.500000000000000000 ) ) ;
#1196 = CARTESIAN_POINT ( 'NONE',  ( 50.29403322440887081, -61.00000000000000711, 3.500000000000000000 ) ) ;
#1197 = CARTESIAN_POINT ( 'NONE',  ( 27.81295090390230840, 26.16295090390221745, 25.00000000000000000 ) ) ;
#1198 = EDGE_LOOP ( 'NONE', ( #1396, #804, #150 ) ) ;
#1199 = DIRECTION ( 'NONE',  ( -1.000000000000000000, 0.000000000000000000, 0.000000000000000000 ) ) ;
#1200 = VECTOR ( 'NONE', #1412, 1000.000000000000000 ) ;
#1201 = ORIENTED_EDGE ( 'NONE', *, *, #467, .F. ) ;
#1202 = VECTOR ( 'NONE', #854, 1000.000000000000000 ) ;
#1203 = FACE_OUTER_BOUND ( 'NONE', #46, .T. ) ;
#1204 = CARTESIAN_POINT ( 'NONE',  ( 50.29403322440887791, -66.00000000000000000, 25.00000000000000000 ) ) ;
#1205 = ADVANCED_FACE ( 'NONE', ( #1052 ), #365, .F. ) ;
#1206 = ORIENTED_EDGE ( 'NONE', *, *, #1385, .T. ) ;
#1207 = CARTESIAN_POINT ( 'NONE',  ( 0.000000000000000000, 37.00000000000000000, 0.000000000000000000 ) ) ;
#1208 = CIRCLE ( 'NONE', #1010, 1.649999999999998579 ) ;
#1209 = VERTEX_POINT ( 'NONE', #131 ) ;
#1210 = DIRECTION ( 'NONE',  ( -0.000000000000000000, -0.000000000000000000, -1.000000000000000000 ) ) ;
#1211 = PLANE ( 'NONE',  #1494 ) ;
#1212 = LINE ( 'NONE', #1197, #1377 ) ;
#1213 = ORIENTED_EDGE ( 'NONE', *, *, #130, .F. ) ;
#1214 = CARTESIAN_POINT ( 'NONE',  ( -40.40089736745163407, -7.078400866426014737, 8.500000000000000000 ) ) ;
#1215 = AXIS2_PLACEMENT_3D ( 'NONE', #644, #1319, #1470 ) ;
#1216 = EDGE_CURVE ( 'NONE', #1209, #716, #1355, .T. ) ;
#1217 = VECTOR ( 'NONE', #1157, 1000.000000000000227 ) ;
#1218 = EDGE_LOOP ( 'NONE', ( #17, #331, #861, #1255 ) ) ;
#1219 = AXIS2_PLACEMENT_3D ( 'NONE', #137, #1426, #21 ) ;
#1220 = LINE ( 'NONE', #379, #894 ) ;
#1221 = PLANE ( 'NONE',  #214 ) ;
#1222 = CARTESIAN_POINT ( 'NONE',  ( 38.46051861562091290, -11.70657887457799440, 3.860909421584141299 ) ) ;
#1223 = ORIENTED_EDGE ( 'NONE', *, *, #970, .F. ) ;
#1224 = DIRECTION ( 'NONE',  ( -0.000000000000000000, -0.000000000000000000, -1.000000000000000000 ) ) ;
#1225 = ADVANCED_FACE ( 'NONE', ( #123 ), #1419, .F. ) ;
#1226 = ORIENTED_EDGE ( 'NONE', *, *, #129, .F. ) ;
#1227 = SPHERICAL_SURFACE ( 'NONE', #155, 5.000000000000000000 ) ;
#1228 = EDGE_CURVE ( 'NONE', #1318, #927, #611, .T. ) ;
#1229 = AXIS2_PLACEMENT_3D ( 'NONE', #468, #1529, #1411 ) ;
#1230 = CYLINDRICAL_SURFACE ( 'NONE', #122, 40.20000000000000284 ) ;
#1231 = DIRECTION ( 'NONE',  ( 0.2694157293512744467, 0.9630239689530686320, 0.000000000000000000 ) ) ;
#1232 = VERTEX_POINT ( 'NONE', #1067 ) ;
#1233 = DIRECTION ( 'NONE',  ( -0.000000000000000000, -0.000000000000000000, -1.000000000000000000 ) ) ;
#1234 = EDGE_LOOP ( 'NONE', ( #522, #146, #904, #632 ) ) ;
#1236 = CIRCLE ( 'NONE', #561, 1.649999999999998579 ) ;
#1235 = CARTESIAN_POINT ( 'NONE',  ( 0.000000000000000000, 0.000000000000000000, 93.50000000000001421 ) ) ;
#1237 = AXIS2_PLACEMENT_3D ( 'NONE', #78, #315, #409 ) ;
#1238 = APPROVAL_DATE_TIME ( #305, #1372 ) ;
#1239 = EDGE_CURVE ( 'NONE', #1111, #383, #1075, .T. ) ;
#1240 = DIRECTION ( 'NONE',  ( -0.000000000000000000, 0.000000000000000000, 1.000000000000000000 ) ) ;
#1241 = CARTESIAN_POINT ( 'NONE',  ( -26.16295090390246969, -26.16295090390202560, 3.500000000000000000 ) ) ;
#1242 = CARTESIAN_POINT ( 'NONE',  ( 36.99999999999999289, -1.291848095371959215E-13, 25.00000000000000000 ) ) ;
#1243 =( BOUNDED_CURVE ( )  B_SPLINE_CURVE ( 3, ( #1328, #596, #5, #259 ),
 .UNSPECIFIED., .F., .T. ) 
 B_SPLINE_CURVE_WITH_KNOTS ( ( 4, 4 ),
 ( 4.637086307645210681, 4.740482753826395168 ),
 .UNSPECIFIED. ) 
 CURVE ( )  GEOMETRIC_REPRESENTATION_ITEM ( )  RATIONAL_B_SPLINE_CURVE ( ( 1.000000000000000000, 0.9991092963187149234, 0.9991092963187149234, 1.000000000000000000 ) ) 
 REPRESENTATION_ITEM ( '' )  );
#1244 = ORIENTED_EDGE ( 'NONE', *, *, #659, .F. ) ;
#1245 = CARTESIAN_POINT ( 'NONE',  ( 26.16295090390212152, -26.16295090390239864, 3.500000000000000000 ) ) ;
#1246 = DATE_AND_TIME ( #76, #1025 ) ;
#1247 = APPLICATION_CONTEXT ( 'configuration controlled 3d designs of mechanical parts and assemblies' ) ;
#1248 = AXIS2_PLACEMENT_3D ( 'NONE', #1245, #441, #185 ) ;
#1249 = CARTESIAN_POINT ( 'NONE',  ( -60.00000000000000000, 0.000000000000000000, 25.00000000000000000 ) ) ;
#1250 = VERTEX_POINT ( 'NONE', #817 ) ;
#1251 = LINE ( 'NONE', #673, #579 ) ;
#1252 = DIRECTION ( 'NONE',  ( 0.000000000000000000, 0.000000000000000000, 1.000000000000000000 ) ) ;
#1253 = CC_DESIGN_SECURITY_CLASSIFICATION ( #1145, ( #1383 ) ) ;
#1254 = CC_DESIGN_PERSON_AND_ORGANIZATION_ASSIGNMENT ( #1113, #533, ( #1383 ) ) ;
#1255 = ORIENTED_EDGE ( 'NONE', *, *, #1122, .T. ) ;
#1256 = EDGE_CURVE ( 'NONE', #329, #316, #1289, .T. ) ;
#1257 = DIRECTION ( 'NONE',  ( -0.9630239689530686320, -0.2694157293512742246, 0.000000000000000000 ) ) ;
#1258 = ORIENTED_EDGE ( 'NONE', *, *, #521, .F. ) ;
#1259 = LINE ( 'NONE', #661, #1014 ) ;
#1260 = PERSON_AND_ORGANIZATION ( #536, #1409 ) ;
#1261 = EDGE_LOOP ( 'NONE', ( #553, #212, #1168, #20 ) ) ;
#1262 = VERTEX_POINT ( 'NONE', #226 ) ;
#1263 = DIRECTION ( 'NONE',  ( 0.000000000000000000, 0.000000000000000000, 1.000000000000000000 ) ) ;
#1264 = EDGE_CURVE ( 'NONE', #113, #1541, #681, .T. ) ;
#1265 = CYLINDRICAL_SURFACE ( 'NONE', #1024, 5.000000000000000888 ) ;
#1266 = CARTESIAN_POINT ( 'NONE',  ( 38.52095875812275239, 10.77662917405097254, 3.499999999999999556 ) ) ;
#1267 = DIRECTION ( 'NONE',  ( 0.2694157293512742246, -0.9630239689530686320, -0.000000000000000000 ) ) ;
#1268 = ORIENTED_EDGE ( 'NONE', *, *, #477, .F. ) ;
#1269 = DIRECTION ( 'NONE',  ( 0.000000000000000000, 1.000000000000000000, -0.000000000000000000 ) ) ;
#1270 = CARTESIAN_POINT ( 'NONE',  ( -39.85761032379323154, -5.235541927694972841, 7.983938437921073827 ) ) ;
#1271 = EDGE_CURVE ( 'NONE', #1492, #87, #90, .T. ) ;
#1272 = LINE ( 'NONE', #819, #70 ) ;
#1273 = AXIS2_PLACEMENT_3D ( 'NONE', #243, #1539, #834 ) ;
#1274 = DIRECTION ( 'NONE',  ( -1.387778780781445676E-15, 0.000000000000000000, -1.000000000000000000 ) ) ;
#1275 = ORIENTED_EDGE ( 'NONE', *, *, #299, .T. ) ;
#1276 = DIRECTION ( 'NONE',  ( 0.000000000000000000, 0.000000000000000000, 1.000000000000000000 ) ) ;
#1277 = VERTEX_POINT ( 'NONE', #1195 ) ;
#1278 = CARTESIAN_POINT ( 'NONE',  ( 0.000000000000000000, 0.000000000000000000, 25.00000000000000000 ) ) ;
#1279 = EDGE_CURVE ( 'NONE', #927, #978, #96, .T. ) ;
#1280 = AXIS2_PLACEMENT_3D ( 'NONE', #495, #1155, #966 ) ;
#1281 = CARTESIAN_POINT ( 'NONE',  ( 39.59996791330118526, 6.919721184088015065, 4.580062027680550152 ) ) ;
#1282 = DIRECTION ( 'NONE',  ( -0.000000000000000000, 0.000000000000000000, 1.000000000000000000 ) ) ;
#1283 = FACE_BOUND ( 'NONE', #224, .T. ) ;
#1284 = ORIENTED_EDGE ( 'NONE', *, *, #1378, .T. ) ;
#1285 = CARTESIAN_POINT ( 'NONE',  ( -26.16295090390246969, -26.16295090390202560, 0.000000000000000000 ) ) ;
#1286 = VERTEX_POINT ( 'NONE', #235 ) ;
#1287 = LINE ( 'NONE', #700, #873 ) ;
#1288 = CIRCLE ( 'NONE', #81, 1.650000000000002132 ) ;
#1289 = LINE ( 'NONE', #3, #288 ) ;
#1290 = LINE ( 'NONE', #557, #461 ) ;
#1291 = EDGE_CURVE ( 'NONE', #1277, #1504, #711, .T. ) ;
#1292 = EDGE_LOOP ( 'NONE', ( #1527, #260, #1432, #971 ) ) ;
#1293 = CARTESIAN_POINT ( 'NONE',  ( -39.85761032379323154, -5.235541927694972841, 7.983938437921073827 ) ) ;
#1294 = CIRCLE ( 'NONE', #506, 4.999999999999997335 ) ;
#1295 = ORIENTED_EDGE ( 'NONE', *, *, #1410, .T. ) ;
#1296 = DIRECTION ( 'NONE',  ( 0.000000000000000000, 0.000000000000000000, 1.000000000000000000 ) ) ;
#1297 = DIRECTION ( 'NONE',  ( -1.000000000000000000, 0.000000000000000000, -0.000000000000000000 ) ) ;
#1298 = CARTESIAN_POINT ( 'NONE',  ( -40.20000000000001705, 2.321014073715748527, 5.867852387021082805 ) ) ;
#1299 = APPROVAL ( #788, 'æœª' ) ;
#1300 = CIRCLE ( 'NONE', #639, 1.650000000000002132 ) ;
#1301 = ORIENTED_EDGE ( 'NONE', *, *, #419, .T. ) ;
#1302 = PLANE ( 'NONE',  #304 ) ;
#1303 = ADVANCED_FACE ( 'NONE', ( #309 ), #433, .T. ) ;
#1304 = ORIENTED_EDGE ( 'NONE', *, *, #1016, .F. ) ;
#1305 = CARTESIAN_POINT ( 'NONE',  ( -35.63188685126353761, 9.968381985997153194, 25.00000000000000000 ) ) ;
#1306 = DIRECTION ( 'NONE',  ( 1.000000000000000000, 0.000000000000000000, 0.000000000000000000 ) ) ;
#1307 = CARTESIAN_POINT ( 'NONE',  ( 26.16295090390212152, -26.16295090390239864, 0.000000000000000000 ) ) ;
#1308 = ORIENTED_EDGE ( 'NONE', *, *, #1007, .F. ) ;
#1309 = DIRECTION ( 'NONE',  ( 1.000000000000000000, 0.000000000000000000, 0.000000000000000000 ) ) ;
#1310 = ADVANCED_FACE ( 'NONE', ( #906 ), #1475, .F. ) ;
#1311 = ORIENTED_EDGE ( 'NONE', *, *, #408, .T. ) ;
#1312 = CYLINDRICAL_SURFACE ( 'NONE', #1420, 1.650000000000002132 ) ;
#1313 = DIRECTION ( 'NONE',  ( 1.000000000000000000, 0.000000000000000000, 0.000000000000000000 ) ) ;
#1314 = CARTESIAN_POINT ( 'NONE',  ( -38.59951409327391048, -11.26825031189618187, 3.947725070165671202 ) ) ;
#1315 = FACE_OUTER_BOUND ( 'NONE', #269, .T. ) ;
#1316 = ORIENTED_EDGE ( 'NONE', *, *, #1484, .F. ) ;
#1317 = CARTESIAN_POINT ( 'NONE',  ( 60.00000000000000000, -70.00000000000000000, 25.00000000000000000 ) ) ;
#1318 = VERTEX_POINT ( 'NONE', #1349 ) ;
#1319 = DIRECTION ( 'NONE',  ( 0.2694157293512758344, 0.9630239689530681879, 0.000000000000000000 ) ) ;
#1320 = EDGE_CURVE ( 'NONE', #1491, #786, #1439, .T. ) ;
#1321 = CARTESIAN_POINT ( 'NONE',  ( -50.29403322440889212, -61.00000000000000711, 8.500000000000000000 ) ) ;
#1322 = ORIENTED_EDGE ( 'NONE', *, *, #800, .T. ) ;
#1323 = DIRECTION ( 'NONE',  ( 1.000000000000000000, 0.000000000000000000, 0.000000000000000000 ) ) ;
#1324 = EDGE_LOOP ( 'NONE', ( #176, #169, #1342, #665 ) ) ;
#1325 = DIRECTION ( 'NONE',  ( 0.000000000000000000, 0.000000000000000000, -1.000000000000000000 ) ) ;
#1326 = FACE_OUTER_BOUND ( 'NONE', #945, .T. ) ;
#1327 = EDGE_CURVE ( 'NONE', #1062, #1005, #266, .T. ) ;
#1328 = CARTESIAN_POINT ( 'NONE',  ( -40.40089736745163407, -7.078400866426014737, 8.500000000000000000 ) ) ;
#1329 = CIRCLE ( 'NONE', #662, 4.999999999999997335 ) ;
#1330 = ORIENTED_EDGE ( 'NONE', *, *, #998, .F. ) ;
#1331 = CARTESIAN_POINT ( 'NONE',  ( -50.29403322440888502, -66.00000000000000000, 8.500000000000000000 ) ) ;
#1332 = AXIS2_PLACEMENT_3D ( 'NONE', #1321, #211, #686 ) ;
#1333 = ORIENTED_EDGE ( 'NONE', *, *, #1421, .T. ) ;
#1334 = CARTESIAN_POINT ( 'NONE',  ( 0.000000000000000000, 0.000000000000000000, 3.500000000000000000 ) ) ;
#1335 = DIRECTION ( 'NONE',  ( -0.2694157293512743911, -0.9630239689530685210, 0.000000000000000000 ) ) ;
#1336 = LINE ( 'NONE', #948, #952 ) ;
#1337 = VERTEX_POINT ( 'NONE', #1196 ) ;
#1338 =( BOUNDED_CURVE ( )  B_SPLINE_CURVE ( 3, ( #613, #574, #1447, #558 ),
 .UNSPECIFIED., .F., .F. ) 
 B_SPLINE_CURVE_WITH_KNOTS ( ( 4, 4 ),
 ( 4.712388980384689674, 4.985175256157132750 ),
 .UNSPECIFIED. ) 
 CURVE ( )  GEOMETRIC_REPRESENTATION_ITEM ( )  RATIONAL_B_SPLINE_CURVE ( ( 1.000000000000000000, 0.9938085778779246482, 0.9938085778779246482, 1.000000000000000000 ) ) 
 REPRESENTATION_ITEM ( '' )  );
#1339 = FACE_BOUND ( 'NONE', #370, .T. ) ;
#1340 = VECTOR ( 'NONE', #865, 1000.000000000000000 ) ;
#1341 = ADVANCED_FACE ( 'NONE', ( #913, #1283, #251, #1386, #203, #918, #803, #851, #22, #321 ), #487, .F. ) ;
#1342 = ORIENTED_EDGE ( 'NONE', *, *, #1395, .T. ) ;
#1343 = CIRCLE ( 'NONE', #671, 1.649999999999998579 ) ;
#1344 = DIRECTION ( 'NONE',  ( -0.000000000000000000, -0.000000000000000000, -1.000000000000000000 ) ) ;
#1345 = APPROVAL_ROLE ( '' ) ;
#1346 = CARTESIAN_POINT ( 'NONE',  ( 36.99999999999999289, -1.291848095371959215E-13, 25.00000000000000000 ) ) ;
#1347 = FACE_OUTER_BOUND ( 'NONE', #1348, .T. ) ;
#1348 = EDGE_LOOP ( 'NONE', ( #215, #1367, #1441, #821, #545 ) ) ;
#1349 = CARTESIAN_POINT ( 'NONE',  ( -1.650000000000257261, -37.00000000000000000, 3.500000000000000000 ) ) ;
#1350 = ORIENTED_EDGE ( 'NONE', *, *, #2, .T. ) ;
#1351 = LINE ( 'NONE', #291, #753 ) ;
#1352 = EDGE_CURVE ( 'NONE', #94, #1521, #798, .T. ) ;
#1353 = CIRCLE ( 'NONE', #1072, 1.649999999999998579 ) ;
#1354 = AXIS2_PLACEMENT_3D ( 'NONE', #982, #674, #1140 ) ;
#1355 = CIRCLE ( 'NONE', #1229, 1.649999999999998579 ) ;
#1356 = CALENDAR_DATE ( 2026, 11, 6 ) ;
#1357 = CARTESIAN_POINT ( 'NONE',  ( 0.000000000000000000, 0.000000000000000000, 3.500000000000000000 ) ) ;
#1358 = CARTESIAN_POINT ( 'NONE',  ( -26.16295090390246969, -26.16295090390202560, 3.500000000000000000 ) ) ;
#1359 = ORIENTED_EDGE ( 'NONE', *, *, #624, .T. ) ;
#1360 = VERTEX_POINT ( 'NONE', #1392 ) ;
#1361 = CARTESIAN_POINT ( 'NONE',  ( 50.29403322440887791, -66.00000000000000000, 25.00000000000000000 ) ) ;
#1362 = VECTOR ( 'NONE', #445, 1000.000000000000114 ) ;
#1363 = DIRECTION ( 'NONE',  ( 1.000000000000000000, 0.000000000000000000, 0.000000000000000000 ) ) ;
#1364 = SPHERICAL_SURFACE ( 'NONE', #397, 5.000000000000000000 ) ;
#1365 = ORIENTED_EDGE ( 'NONE', *, *, #1216, .F. ) ;
#1366 = DIRECTION ( 'NONE',  ( 0.2694157293512742246, -0.9630239689530686320, 0.000000000000000000 ) ) ;
#1367 = ORIENTED_EDGE ( 'NONE', *, *, #573, .F. ) ;
#1368 = CIRCLE ( 'NONE', #223, 1.650000000000002132 ) ;
#1369 = DIRECTION ( 'NONE',  ( -1.000000000000000000, 0.000000000000000000, -0.000000000000000000 ) ) ;
#1370 = CIRCLE ( 'NONE', #1015, 1.649999999999999689 ) ;
#1371 =( NAMED_UNIT ( * ) PLANE_ANGLE_UNIT ( ) SI_UNIT ( $, .RADIAN. ) );
#1372 = APPROVAL ( #282, 'æœª' ) ;
#1373 = EDGE_CURVE ( 'NONE', #1491, #1005, #888, .T. ) ;
#1374 = ORIENTED_EDGE ( 'NONE', *, *, #299, .F. ) ;
#1375 = EDGE_LOOP ( 'NONE', ( #516, #1082, #470, #592 ) ) ;
#1376 = DIRECTION ( 'NONE',  ( 0.2694157293512742246, -0.9630239689530686320, 0.000000000000000000 ) ) ;
#1377 = VECTOR ( 'NONE', #959, 1000.000000000000000 ) ;
#1378 = EDGE_CURVE ( 'NONE', #1005, #1337, #958, .T. ) ;
#1379 = EDGE_LOOP ( 'NONE', ( #885, #606, #1513, #1330, #127, #422, #1106 ) ) ;
#1380 = ORIENTED_EDGE ( 'NONE', *, *, #1473, .F. ) ;
#1381 = CARTESIAN_POINT ( 'NONE',  ( 0.000000000000000000, 0.000000000000000000, 3.500000000000000000 ) ) ;
#1382 = DIRECTION ( 'NONE',  ( -1.000000000000000000, 0.000000000000000000, 0.000000000000000000 ) ) ;
#1383 = PRODUCT_DEFINITION_FORMATION_WITH_SPECIFIED_SOURCE ( 'ä»', '', #666, .NOT_KNOWN. ) ;
#1384 = CARTESIAN_POINT ( 'NONE',  ( 24.51295090390230058, 26.16295090390221745, 25.00000000000000000 ) ) ;
#1385 = EDGE_CURVE ( 'NONE', #1070, #1360, #1338, .T. ) ;
#1386 = FACE_BOUND ( 'NONE', #341, .T. ) ;
#1387 = ORIENTED_EDGE ( 'NONE', *, *, #242, .F. ) ;
#1388 = FACE_OUTER_BOUND ( 'NONE', #1466, .T. ) ;
#1389 = ADVANCED_FACE ( 'NONE', ( #1146 ), #258, .F. ) ;
#1390 = DIRECTION ( 'NONE',  ( 1.000000000000000000, 0.000000000000000000, 0.000000000000000000 ) ) ;
#1391 = DIRECTION ( 'NONE',  ( -0.000000000000000000, -0.000000000000000000, -1.000000000000000000 ) ) ;
#1392 = CARTESIAN_POINT ( 'NONE',  ( -55.10915306917422640, -59.65292135324363443, 23.22260768187796742 ) ) ;
#1393 = VERTEX_POINT ( 'NONE', #1524 ) ;
#1394 = FACE_OUTER_BOUND ( 'NONE', #997, .T. ) ;
#1395 = EDGE_CURVE ( 'NONE', #716, #313, #439, .T. ) ;
#1396 = ORIENTED_EDGE ( 'NONE', *, *, #1352, .T. ) ;
#1397 = CARTESIAN_POINT ( 'NONE',  ( 39.78157924289612168, -5.787206119345889022, 6.931829742400561933 ) ) ;
#1398 =( BOUNDED_CURVE ( )  B_SPLINE_CURVE ( 3, ( #578, #1535, #1043, #362 ),
 .UNSPECIFIED., .F., .T. ) 
 B_SPLINE_CURVE_WITH_KNOTS ( ( 4, 4 ),
 ( 4.439602704612245709, 4.712388980384689674 ),
 .UNSPECIFIED. ) 
 CURVE ( )  GEOMETRIC_REPRESENTATION_ITEM ( )  RATIONAL_B_SPLINE_CURVE ( ( 1.000000000000000000, 0.9938085778779244261, 0.9938085778779244261, 1.000000000000000000 ) ) 
 REPRESENTATION_ITEM ( '' )  );
#1399 = CIRCLE ( 'NONE', #609, 1.649999999999998579 ) ;
#1400 = CARTESIAN_POINT ( 'NONE',  ( 0.000000000000000000, 0.000000000000000000, 3.500000000000000000 ) ) ;
#1401 = CARTESIAN_POINT ( 'NONE',  ( -38.52095875812275239, 10.77662917405097076, 3.499999999999999556 ) ) ;
#1402 = CARTESIAN_POINT ( 'NONE',  ( -39.70675405748794162, -6.280714174662266558, 6.412032414475952180 ) ) ;
#1403 = EDGE_LOOP ( 'NONE', ( #297, #407 ) ) ;
#1404 = LINE ( 'NONE', #1063, #898 ) ;
#1405 = VECTOR ( 'NONE', #658, 1000.000000000000000 ) ;
#1406 = ORIENTED_EDGE ( 'NONE', *, *, #1373, .F. ) ;
#1407 = CARTESIAN_POINT ( 'NONE',  ( 39.85761032379323154, -5.235541927694982611, 7.983938437921075604 ) ) ;
#1408 = EDGE_CURVE ( 'NONE', #1423, #1543, #1208, .T. ) ;
#1409 = ORGANIZATION ( 'æœª', 'æœª', '' ) ;
#1410 = EDGE_CURVE ( 'NONE', #1096, #120, #1518, .T. ) ;
#1411 = DIRECTION ( 'NONE',  ( 1.000000000000000000, 0.000000000000000000, 0.000000000000000000 ) ) ;
#1412 = DIRECTION ( 'NONE',  ( -0.2694157293512742246, 0.9630239689530686320, -0.000000000000000000 ) ) ;
#1413 = ORIENTED_EDGE ( 'NONE', *, *, #800, .F. ) ;
#1414 = DIRECTION ( 'NONE',  ( 0.000000000000000000, 0.000000000000000000, 1.000000000000000000 ) ) ;
#1415 = EDGE_LOOP ( 'NONE', ( #1476, #161, #350, #713 ) ) ;
#1416 = FACE_OUTER_BOUND ( 'NONE', #1218, .T. ) ;
#1417 = AXIS2_PLACEMENT_3D ( 'NONE', #741, #1210, #154 ) ;
#1418 = VECTOR ( 'NONE', #1414, 1000.000000000000000 ) ;
#1419 = CYLINDRICAL_SURFACE ( 'NONE', #335, 27.50000000000000000 ) ;
#1420 = AXIS2_PLACEMENT_3D ( 'NONE', #170, #770, #986 ) ;
#1421 = EDGE_CURVE ( 'NONE', #385, #393, #58, .T. ) ;
#1422 = LINE ( 'NONE', #925, #395 ) ;
#1423 = VERTEX_POINT ( 'NONE', #273 ) ;
#1424 = CARTESIAN_POINT ( 'NONE',  ( -40.20000000000000995, -1.751397354117811167, 7.008262517556144822 ) ) ;
#1425 = VERTEX_POINT ( 'NONE', #773 ) ;
#1426 = DIRECTION ( 'NONE',  ( -0.000000000000000000, 0.000000000000000000, 1.000000000000000000 ) ) ;
#1427 = CARTESIAN_POINT ( 'NONE',  ( 0.000000000000000000, 0.000000000000000000, 3.500000000000000000 ) ) ;
#1428 = FACE_OUTER_BOUND ( 'NONE', #767, .T. ) ;
#1429 = VECTOR ( 'NONE', #1391, 1000.000000000000000 ) ;
#1430 = CIRCLE ( 'NONE', #1354, 27.50000000000000000 ) ;
#1431 = VECTOR ( 'NONE', #726, 1000.000000000000000 ) ;
#1432 = ORIENTED_EDGE ( 'NONE', *, *, #1291, .T. ) ;
#1433 = CARTESIAN_POINT ( 'NONE',  ( -24.51295090390246756, -26.16295090390202560, 3.500000000000000000 ) ) ;
#1434 = VERTEX_POINT ( 'NONE', #41 ) ;
#1435 = PLANE ( 'NONE',  #200 ) ;
#1436 = CARTESIAN_POINT ( 'NONE',  ( 40.38949632777545418, -1.186351724239450345, 6.850031019598030291 ) ) ;
#1437 = CARTESIAN_POINT ( 'NONE',  ( -39.16284785433297344, -9.083630161865857033, 4.705234112416802894 ) ) ;
#1438 = AXIS2_PLACEMENT_3D ( 'NONE', #267, #1061, #744 ) ;
#1439 = CIRCLE ( 'NONE', #963, 4.999999999999997335 ) ;
#1440 = CARTESIAN_POINT ( 'NONE',  ( 36.99999999999999289, -1.291848095371959215E-13, 0.000000000000000000 ) ) ;
#1441 = ORIENTED_EDGE ( 'NONE', *, *, #636, .F. ) ;
#1442 = DIRECTION ( 'NONE',  ( 1.000000000000000000, 1.387778780781446464E-15, 0.000000000000000000 ) ) ;
#1443 = CC_DESIGN_DATE_AND_TIME_ASSIGNMENT ( #1509, #412, ( #1183 ) ) ;
#1444 = ORIENTED_EDGE ( 'NONE', *, *, #1291, .F. ) ;
#1445 = PLANE ( 'NONE',  #4 ) ;
#1446 = ADVANCED_FACE ( 'NONE', ( #32 ), #743, .T. ) ;
#1447 = CARTESIAN_POINT ( 'NONE',  ( -55.23202257187140418, -60.09211722512402787, 23.34559707783103377 ) ) ;
#1448 = DIRECTION ( 'NONE',  ( -1.000000000000000000, 0.000000000000000000, 0.000000000000000000 ) ) ;
#1449 = ORIENTED_EDGE ( 'NONE', *, *, #1320, .T. ) ;
#1450 = CARTESIAN_POINT ( 'NONE',  ( 0.000000000000000000, 37.00000000000000000, 0.000000000000000000 ) ) ;
#1451 = EDGE_LOOP ( 'NONE', ( #876, #262, #855, #746, #1027, #102 ) ) ;
#1452 = DIRECTION ( 'NONE',  ( -0.2694157293512743911, -0.9630239689530685210, -0.000000000000000000 ) ) ;
#1453 = VECTOR ( 'NONE', #1020, 1000.000000000000227 ) ;
#1454 = EDGE_CURVE ( 'NONE', #383, #1123, #1114, .T. ) ;
#1455 = CARTESIAN_POINT ( 'NONE',  ( -60.00000000000000000, -70.00000000000000000, 25.00000000000000000 ) ) ;
#1456 = CARTESIAN_POINT ( 'NONE',  ( -37.07274997474301159, 4.818030418802169201, 5.168605077040131057 ) ) ;
#1457 = VERTEX_POINT ( 'NONE', #1455 ) ;
#1458 = FACE_OUTER_BOUND ( 'NONE', #597, .T. ) ;
#1459 = ORIENTED_EDGE ( 'NONE', *, *, #912, .F. ) ;
#1460 = CARTESIAN_POINT ( 'NONE',  ( -40.20000000000000284, 0.000000000000000000, 3.500000000000000000 ) ) ;
#1461 = ADVANCED_FACE ( 'NONE', ( #874 ), #1471, .F. ) ;
#1462 = CARTESIAN_POINT ( 'NONE',  ( 38.52095875812275239, 10.77662917405097076, 0.000000000000000000 ) ) ;
#1463 = CARTESIAN_POINT ( 'NONE',  ( -60.00000000000000000, -66.00000000000000000, 25.00000000000000000 ) ) ;
#1464 = AXIS2_PLACEMENT_3D ( 'NONE', #676, #210, #940 ) ;
#1465 = EDGE_CURVE ( 'NONE', #280, #1318, #566, .T. ) ;
#1466 = EDGE_LOOP ( 'NONE', ( #230, #831, #985, #1301 ) ) ;
#1467 = FACE_BOUND ( 'NONE', #1184, .T. ) ;
#1468 =( GEOMETRIC_REPRESENTATION_CONTEXT ( 3 ) GLOBAL_UNCERTAINTY_ASSIGNED_CONTEXT ( ( #1050 ) ) GLOBAL_UNIT_ASSIGNED_CONTEXT ( ( #1502, #1371, #549 ) ) REPRESENTATION_CONTEXT ( 'NONE', 'WORKASPACE' ) );
#1469 = VERTEX_POINT ( 'NONE', #265 ) ;
#1470 = DIRECTION ( 'NONE',  ( -0.9630239689530682989, 0.2694157293512758899, 0.000000000000000000 ) ) ;
#1471 = CYLINDRICAL_SURFACE ( 'NONE', #1127, 1.649999999999998579 ) ;
#1472 = CARTESIAN_POINT ( 'NONE',  ( 37.37215607540640860, -14.81087270472148099, 3.500000000000000000 ) ) ;
#1473 = EDGE_CURVE ( 'NONE', #780, #153, #295, .T. ) ;
#1474 = ORIENTED_EDGE ( 'NONE', *, *, #949, .T. ) ;
#1475 = CYLINDRICAL_SURFACE ( 'NONE', #1237, 1.649999999999998579 ) ;
#1476 = ORIENTED_EDGE ( 'NONE', *, *, #307, .F. ) ;
#1477 = CIRCLE ( 'NONE', #1219, 1.649999999999998579 ) ;
#1478 = CYLINDRICAL_SURFACE ( 'NONE', #751, 4.999999999999997335 ) ;
#1479 = PERSON_AND_ORGANIZATION ( #536, #1409 ) ;
#1480 = CARTESIAN_POINT ( 'NONE',  ( 38.52095875812275239, 10.77662917405097254, 25.00000000000000000 ) ) ;
#1481 = CYLINDRICAL_SURFACE ( 'NONE', #601, 40.00000000000000711 ) ;
#1482 = PRODUCT_DEFINITION_SHAPE ( 'NONE', 'NONE',  #1183 ) ;
#1483 = ORIENTED_EDGE ( 'NONE', *, *, #668, .T. ) ;
#1484 = EDGE_CURVE ( 'NONE', #722, #144, #1054, .T. ) ;
#1485 = VERTEX_POINT ( 'NONE', #413 ) ;
#1486 = CYLINDRICAL_SURFACE ( 'NONE', #973, 40.20000000000000284 ) ;
#1487 = VECTOR ( 'NONE', #141, 1000.000000000000000 ) ;
#1488 = VECTOR ( 'NONE', #486, 1000.000000000000000 ) ;
#1489 = PERSON_AND_ORGANIZATION ( #536, #1409 ) ;
#1490 = CARTESIAN_POINT ( 'NONE',  ( -38.52095875812274528, 10.77662917405097787, 25.00000000000000000 ) ) ;
#1491 = VERTEX_POINT ( 'NONE', #504 ) ;
#1492 = VERTEX_POINT ( 'NONE', #1462 ) ;
#1493 = CARTESIAN_POINT ( 'NONE',  ( -60.00000000000000000, -70.00000000000000000, 25.00000000000000000 ) ) ;
#1494 = AXIS2_PLACEMENT_3D ( 'NONE', #629, #1094, #164 ) ;
#1495 = B_SPLINE_CURVE_WITH_KNOTS ( 'NONE', 3,
 ( #1472, #326, #206, #1222, #1508, #535, #682, #450, #294, #64, #923, #1149, #795, #98, #1037, #1397, #404, #875, #181, #1115 ),
 .UNSPECIFIED., .F., .F.,
 ( 4, 2, 2, 2, 2, 2, 2, 2, 2, 4 ),
 ( 0.000000000000000000, 0.002832955224136373806, 0.004249432836204563094, 0.005665910448272752815, 0.007082388060340941670, 0.008498865672409131392, 0.009207104478443224951, 0.009915343284477315042, 0.01062358209051140860, 0.01133182089654550043 ),
 .UNSPECIFIED. ) ;
#1496 = EDGE_CURVE ( 'NONE', #722, #1534, #651, .T. ) ;
#1497 = APPROVAL_ROLE ( '' ) ;
#1498 = DIRECTION ( 'NONE',  ( 1.000000000000000000, 0.000000000000000000, 0.000000000000000000 ) ) ;
#1499 = ORIENTED_EDGE ( 'NONE', *, *, #745, .T. ) ;
#1500 = AXIS2_PLACEMENT_3D ( 'NONE', #554, #195, #1013 ) ;
#1501 = CARTESIAN_POINT ( 'NONE',  ( -60.00000000000000000, 0.000000000000000000, 0.000000000000000000 ) ) ;
#1502 =( LENGTH_UNIT ( ) NAMED_UNIT ( * ) SI_UNIT ( .MILLI., .METRE. ) );
#1503 = ADVANCED_FACE ( 'NONE', ( #1203 ), #1364, .F. ) ;
#1504 = VERTEX_POINT ( 'NONE', #858 ) ;
#1505 = ORIENTED_EDGE ( 'NONE', *, *, #1100, .T. ) ;
#1506 = CARTESIAN_POINT ( 'NONE',  ( 50.29403322440887791, -61.00000000000000711, 8.500000000000000000 ) ) ;
#1507 = ORIENTED_EDGE ( 'NONE', *, *, #358, .F. ) ;
#1508 = CARTESIAN_POINT ( 'NONE',  ( 38.59222630041315938, -11.26455242477329755, 3.968520023730815804 ) ) ;
#1509 = DATE_AND_TIME ( #83, #789 ) ;
#1510 = ADVANCED_FACE ( 'NONE', ( #734 ), #1221, .F. ) ;
#1511 = DIRECTION ( 'NONE',  ( -0.000000000000000000, -0.000000000000000000, -1.000000000000000000 ) ) ;
#1512 = DIRECTION ( 'NONE',  ( -1.000000000000000000, 0.000000000000000000, 0.000000000000000000 ) ) ;
#1513 = ORIENTED_EDGE ( 'NONE', *, *, #521, .T. ) ;
#1514 = CARTESIAN_POINT ( 'NONE',  ( 55.29403322440887081, -63.92893218813453160, 24.42003239222493605 ) ) ;
#1515 = CARTESIAN_POINT ( 'NONE',  ( 36.99999999999999289, -1.291848095371959215E-13, 0.000000000000000000 ) ) ;
#1516 = CARTESIAN_POINT ( 'NONE',  ( -27.81295090390247182, -26.16295090390202560, 0.000000000000000000 ) ) ;
#1517 = ADVANCED_FACE ( 'NONE', ( #1326 ), #1211, .T. ) ;
#1518 = LINE ( 'NONE', #926, #1362 ) ;
#1519 = ORIENTED_EDGE ( 'NONE', *, *, #1163, .F. ) ;
#1520 = PLANE ( 'NONE',  #357 ) ;
#1521 = VERTEX_POINT ( 'NONE', #512 ) ;
#1522 = CARTESIAN_POINT ( 'NONE',  ( -26.16295090390194034, 26.16295090390257627, 0.000000000000000000 ) ) ;
#1523 = CYLINDRICAL_SURFACE ( 'NONE', #1464, 1.649999999999998579 ) ;
#1524 = CARTESIAN_POINT ( 'NONE',  ( 39.85761032379323154, -5.235541927694982611, 7.983938437921075604 ) ) ;
#1525 = ORIENTED_EDGE ( 'NONE', *, *, #1041, .F. ) ;
#1526 = CARTESIAN_POINT ( 'NONE',  ( -50.29403322440889212, -61.00000000000000711, 3.500000000000000000 ) ) ;
#1527 = ORIENTED_EDGE ( 'NONE', *, *, #868, .F. ) ;
#1528 = FACE_OUTER_BOUND ( 'NONE', #1012, .T. ) ;
#1529 = DIRECTION ( 'NONE',  ( -0.000000000000000000, 0.000000000000000000, 1.000000000000000000 ) ) ;
#1530 = LINE ( 'NONE', #684, #1200 ) ;
#1531 = ORIENTED_EDGE ( 'NONE', *, *, #808, .T. ) ;
#1532 = DIRECTION ( 'NONE',  ( 1.000000000000000000, 0.000000000000000000, 0.000000000000000000 ) ) ;
#1533 = CIRCLE ( 'NONE', #863, 1.650000000000002132 ) ;
#1534 = VERTEX_POINT ( 'NONE', #981 ) ;
#1535 = CARTESIAN_POINT ( 'NONE',  ( 55.23202257187140418, -60.09211722512404208, 23.34559707783103022 ) ) ;
#1536 = SHAPE_DEFINITION_REPRESENTATION ( #1482, #1153 ) ;
#1537 = ADVANCED_FACE ( 'NONE', ( #763 ), #1230, .F. ) ;
#1538 = VECTOR ( 'NONE', #403, 1000.000000000000000 ) ;
#1539 = DIRECTION ( 'NONE',  ( -0.000000000000000000, 0.000000000000000000, 1.000000000000000000 ) ) ;
#1540 = CARTESIAN_POINT ( 'NONE',  ( -27.50000000000000000, 0.000000000000000000, 0.000000000000000000 ) ) ;
#1541 = VERTEX_POINT ( 'NONE', #555 ) ;
#1542 = FACE_OUTER_BOUND ( 'NONE', #1379, .T. ) ;
#1543 = VERTEX_POINT ( 'NONE', #430 ) ;
ENDSEC;
END-ISO-10303-21;
